{"0":{"x":530.0835230437121,"y":253.25760011474347},"1":{"x":496.41138200693274,"y":244.159563269162},"2":{"x":390.5519532319309,"y":173.9664945126014},"3":{"x":425.0756218059511,"y":178.34743297755105},"4":{"x":421.7320210877598,"y":184.80945830251704},"5":{"x":397.4354863424712,"y":191.23563880276302},"6":{"x":396.09195805125654,"y":184.90329571145753},"7":{"x":402.42710824934255,"y":173.7631985249921},"8":{"x":397.53621237296437,"y":162.17654932233415},"9":{"x":408.5061996275274,"y":160.07731694692976},"10":{"x":461.60257323054066,"y":162.90174603923592},"11":{"x":451.69285389674405,"y":200.07809868946953},"12":{"x":464.33125089390467,"y":183.11134954603898},"13":{"x":440.1320722359715,"y":179.50119878044828},"14":{"x":447.3123309382426,"y":165.50291130873006},"15":{"x":438.56066658555676,"y":148.98622161120832},"16":{"x":457.53837188579035,"y":180.11686228962353},"17":{"x":450.83209117106037,"y":174.48197128122587},"18":{"x":436.7426396739919,"y":163.8958964461681},"19":{"x":452.25957493267396,"y":148.92655977750786},"20":{"x":488.7765341411248,"y":195.29584506600312},"21":{"x":457.9229052415744,"y":211.3177248159313},"22":{"x":425.3310413340962,"y":164.78369064666754},"23":{"x":441.8880215369751,"y":200.7030040969185},"24":{"x":443.6352518135518,"y":171.78313351383986},"25":{"x":421.69422270924196,"y":189.14172960955486},"26":{"x":421.9973936629662,"y":174.33291969833363},"27":{"x":505.3610010822909,"y":216.55010360351028},"28":{"x":473.3117816123591,"y":232.01179748352902},"29":{"x":489.8284736422906,"y":280.3494618889327},"30":{"x":479.7438495114018,"y":244.39273189744452},"31":{"x":472.90174915723895,"y":274.49412473276857},"32":{"x":449.0584271851271,"y":251.9688625605494},"33":{"x":462.2556516752282,"y":235.04427670188122},"34":{"x":447.00680878634483,"y":225.70134967345666},"35":{"x":511.63380311764934,"y":249.585397735475},"36":{"x":497.0088012403839,"y":229.605794164239},"37":{"x":482.7828612565295,"y":220.58080999214312},"38":{"x":482.53683202901675,"y":253.16021237198657},"39":{"x":466.785155773729,"y":230.01475134798198},"40":{"x":468.59420004473503,"y":245.26873295092338},"41":{"x":487.43618197796616,"y":231.99423760987872},"42":{"x":496.0026345200707,"y":209.45589555948905},"43":{"x":462.0972225425695,"y":191.94077601402097},"44":{"x":440.33038967850473,"y":190.9161973188859},"45":{"x":428.3132916746209,"y":186.11502250629593},"46":{"x":508.18502936655943,"y":223.36065467742017},"47":{"x":466.04872419010354,"y":210.10363097968394},"48":{"x":444.8885752348448,"y":222.17509796366633},"49":{"x":477.51821531674096,"y":195.09135883390493},"50":{"x":474.1530764792117,"y":224.01864783176984},"51":{"x":464.9317205478755,"y":219.50481495384253},"52":{"x":466.56690572517186,"y":260.9245185453626},"53":{"x":456.78459182862815,"y":252.68144064964605},"54":{"x":503.3108207350496,"y":284.01510557227647},"55":{"x":504.0591859475413,"y":256.42991796470784},"56":{"x":450.68201595561254,"y":233.84531656808196},"57":{"x":525.614889022278,"y":258.8294769353657},"58":{"x":478.80300119245607,"y":264.5450967509314},"59":{"x":521.8783733037512,"y":236.1257336311358},"60":{"x":520.5229639646567,"y":269.64377200836685},"61":{"x":531.128179857627,"y":246.28408736711015},"62":{"x":533.5376095561651,"y":262.9519748630552},"63":{"x":508.0816117236694,"y":231.50274152420482},"64":{"x":483.8006305944916,"y":187.92731522604836},"65":{"x":480.1601062640162,"y":226.56209561004073},"66":{"x":495.42844838478806,"y":255.55063346169976},"67":{"x":487.87213248738163,"y":249.98349840176206},"68":{"x":490.3190268491315,"y":299.0428607395561},"69":{"x":494.84322972975235,"y":277.71671264224375},"70":{"x":476.26330101053884,"y":209.82277200294521},"71":{"x":449.1192828297331,"y":184.4113167333601},"72":{"x":474.7873892743844,"y":254.35174236614466},"73":{"x":458.2861240297481,"y":229.57809665808173},"74":{"x":448.23815434503103,"y":215.91724356393195},"75":{"x":503.508928807192,"y":244.49071013112865},"76":{"x":432.07846419206595,"y":197.05503450522968},"77":{"x":418.8504783726721,"y":200.52818134998984},"78":{"x":511.76393389325966,"y":143.37314172227855},"79":{"x":488.90983378228105,"y":165.17300612780505},"80":{"x":448.8655600357209,"y":245.54935333590228},"81":{"x":452.04054606215516,"y":270.9136061164641},"82":{"x":435.69795067731025,"y":250.69378619396755},"83":{"x":445.2425508007717,"y":236.4382694282911},"84":{"x":451.2448808119074,"y":169.0956497478089},"85":{"x":428.7426070111479,"y":193.42113585037646},"86":{"x":445.69270867989025,"y":200.25708429548104},"87":{"x":460.5652750827139,"y":169.17127052211444},"88":{"x":473.89202387900684,"y":294.02418091697103},"89":{"x":457.9827591161881,"y":271.10968368444173},"90":{"x":434.39446585295406,"y":261.7235054959772},"91":{"x":446.8452258269992,"y":261.8664304319624},"92":{"x":442.819249950096,"y":273.3384897394593},"93":{"x":445.64813432871983,"y":287.82575702469177},"94":{"x":554.4079706651297,"y":236.51798673427868},"95":{"x":422.9923368332686,"y":217.3803527593189},"96":{"x":427.98892042502865,"y":227.80949801647589},"97":{"x":431.571812967661,"y":210.18214282430782},"98":{"x":489.9795382356261,"y":263.6188840549612},"99":{"x":409.0118533571262,"y":213.993842070683}}