{"0":{"x":442.3146392516239,"y":264.5848458336731},"1":{"x":463.0594405317255,"y":241.28797696399312},"2":{"x":468.6579585129022,"y":257.58946958028804},"3":{"x":447.5570541504838,"y":244.38479196730583},"4":{"x":456.43784454181224,"y":261.3828002333246},"5":{"x":411.0140542735486,"y":206.7086589139187},"6":{"x":440.19106546409785,"y":204.9202393677863},"7":{"x":488.39424358966994,"y":322.41003679654995},"8":{"x":485.67601472660914,"y":288.41605530233574},"9":{"x":485.0452651527206,"y":302.1886876532338},"10":{"x":463.80831068328393,"y":318.46309082585435},"11":{"x":523.5011529032162,"y":251.13004788258647},"12":{"x":497.82106448984075,"y":246.50657683400837},"13":{"x":498.8318252855074,"y":234.3437204109629},"14":{"x":526.6440438903712,"y":232.99932722618883},"15":{"x":532.7877136651477,"y":265.59695157595297},"16":{"x":537.6681101124261,"y":252.18845218018402},"17":{"x":520.5301775916292,"y":269.8318849256184},"18":{"x":489.3051806469764,"y":232.39527397613912},"19":{"x":482.8183845375912,"y":240.997644809428},"20":{"x":490.28879614439944,"y":258.4591410554571},"21":{"x":468.1242419384811,"y":218.37177302981408},"22":{"x":475.57855708868937,"y":235.79376153753753},"23":{"x":473.7427563345795,"y":248.65706284836295},"24":{"x":460.2285698620424,"y":254.42583394505436},"25":{"x":465.5519720617444,"y":245.91816845927107},"26":{"x":507.7498561013767,"y":206.60222672727},"27":{"x":514.8782240902212,"y":222.97487535252915},"28":{"x":492.4705225389499,"y":208.48138391569805},"29":{"x":521.2260305634952,"y":242.00732980422913},"30":{"x":478.2884275469127,"y":249.26308909526162},"31":{"x":468.11011331715616,"y":233.77079355646248},"32":{"x":474.5435228912262,"y":270.87128659007686},"33":{"x":424.44019357563957,"y":270.04090204239554},"34":{"x":448.23206066750464,"y":258.5914880412824},"35":{"x":449.13672961312284,"y":276.43569720868845},"36":{"x":436.64377242919636,"y":250.56259056989958},"37":{"x":435.7317271750567,"y":266.60934106203337},"38":{"x":429.53770632944475,"y":290.3989684001102},"39":{"x":412.8943604148134,"y":254.1317049692661},"40":{"x":419.9729361170476,"y":247.17472331806667},"41":{"x":414.66641130040557,"y":264.45660090280154},"42":{"x":500.41574986742273,"y":220.42585650863688},"43":{"x":506.9436890434534,"y":235.1815528758196},"44":{"x":457.483385230143,"y":199.98012678354104},"45":{"x":459.3562425279327,"y":224.97140807535717},"46":{"x":448.29097022920075,"y":229.5165166031148},"47":{"x":453.41702280112327,"y":271.1491717733012},"48":{"x":483.3340997605323,"y":265.48594716368115},"49":{"x":408.85553617451484,"y":178.24145442989936},"50":{"x":424.19795539142575,"y":176.2298343287917},"51":{"x":416.57055215355786,"y":169.84619324272006},"52":{"x":429.2427761051386,"y":166.92198166683352},"53":{"x":418.238968664361,"y":151.76874310991752},"54":{"x":408.48782479762485,"y":153.9522175738061},"55":{"x":399.86213772135295,"y":169.94021429401874},"56":{"x":393.6157226508305,"y":153.37006416862295},"57":{"x":403.06500127023025,"y":147.61014795159022},"58":{"x":389.0961045544401,"y":164.1183083978794},"59":{"x":404.6609973796011,"y":155.9762281503223},"60":{"x":502.00136555277925,"y":295.72571013254196},"61":{"x":506.19723564376073,"y":315.3293434993523},"62":{"x":443.8850649844589,"y":255.37955991074972},"63":{"x":461.21276478940683,"y":264.7419671970057},"64":{"x":465.532737311886,"y":274.85910043490867},"65":{"x":413.20485763418617,"y":198.37484564439467},"66":{"x":480.8788209910918,"y":258.87137791247557},"67":{"x":479.721419691164,"y":272.0887070513392},"68":{"x":485.3341621870103,"y":255.8844921066294},"69":{"x":432.40246988175295,"y":227.68698947888655},"70":{"x":491.3076261763491,"y":263.6373636492579},"71":{"x":484.0515469924952,"y":227.80064786175822},"72":{"x":462.098206473052,"y":282.37275032613127},"73":{"x":445.33289696294037,"y":222.56683454138027},"74":{"x":451.1200576339626,"y":221.75546200970365},"75":{"x":436.6219661980647,"y":224.59034496519166},"76":{"x":462.33345421435354,"y":217.51663423765595},"77":{"x":472.31877088774206,"y":335.4462821479759},"78":{"x":471.4038178352846,"y":303.5118590089928},"79":{"x":491.7085580716706,"y":220.09000532290773},"80":{"x":441.29116998620674,"y":178.23177479266246},"81":{"x":421.786860847212,"y":189.78593389892097},"82":{"x":402.5357062367584,"y":162.74482161485764},"83":{"x":428.64150481089894,"y":148.6942239145914},"84":{"x":445.3344808327071,"y":239.35099676328542},"85":{"x":505.8735958860607,"y":251.9163174996857},"86":{"x":516.3182588845383,"y":240.08397852523686},"87":{"x":534.2417375134502,"y":273.7306989468051},"88":{"x":522.1003428752776,"y":197.35301064343076},"89":{"x":546.8579728844248,"y":217.5174327442961},"90":{"x":414.05840380975695,"y":242.17189790872584},"91":{"x":536.8691236488537,"y":182.33928177490466},"92":{"x":522.6145290859932,"y":179.4562837947811},"93":{"x":538.3102858879345,"y":196.72993722191785},"94":{"x":522.5130272371598,"y":228.46818887626958},"95":{"x":429.6027734112908,"y":277.88005803508975},"96":{"x":504.22989341788735,"y":180.13343695055448},"97":{"x":483.6550387253451,"y":311.8722133872655},"98":{"x":526.8742149811574,"y":240.96409721610019},"99":{"x":464.3497598276448,"y":301.9448007307795}}