{"0":{"x":512.5681905681772,"y":203.6281109191097},"1":{"x":482.5929434548988,"y":212.63579137280936},"2":{"x":514.4085699511,"y":216.9637605923133},"3":{"x":520.3948412062887,"y":226.25033079090832},"4":{"x":481.7424659759413,"y":200.3869508384002},"5":{"x":488.8954287667511,"y":217.72779311340508},"6":{"x":510.064235012147,"y":187.22837350635012},"7":{"x":539.2689368992028,"y":227.27461509857434},"8":{"x":544.9140202222229,"y":204.08317635604146},"9":{"x":483.02924567983587,"y":191.78760156288433},"10":{"x":504.92411425858984,"y":218.0145655828055},"11":{"x":493.99721232554293,"y":205.66132055867448},"12":{"x":502.76097990107826,"y":205.84837331081206},"13":{"x":501.9839447489701,"y":199.69163986684288},"14":{"x":473.4692140570023,"y":202.90713160701594},"15":{"x":468.39509534038723,"y":216.4630400811892},"16":{"x":512.0253859398587,"y":210.2509085314196},"17":{"x":520.1167228919151,"y":204.16959773022236},"18":{"x":513.148700352161,"y":237.5662176522946},"19":{"x":497.32387929221795,"y":236.39411595215725},"20":{"x":530.8353989495728,"y":227.1461008817088},"21":{"x":506.5938551588067,"y":252.75206113586785},"22":{"x":529.2720312462327,"y":243.03371570159428},"23":{"x":503.1599881176178,"y":235.57433296865554},"24":{"x":479.99522419191123,"y":236.90643716637706},"25":{"x":501.24003764705554,"y":227.63768490529216},"26":{"x":494.71310613991875,"y":219.20674637268655},"27":{"x":495.1618652409651,"y":243.67885813756058},"28":{"x":492.6499406614359,"y":227.8538672209868},"29":{"x":496.8740480241266,"y":259.8038476353659},"30":{"x":498.23501707924066,"y":249.66277462268033},"31":{"x":475.1737843698217,"y":246.40698848776285},"32":{"x":502.9481813370711,"y":261.41682875819913},"33":{"x":550.9102434118648,"y":236.32829046497216},"34":{"x":537.23693172822,"y":248.43732210548882},"35":{"x":550.4015429360005,"y":250.27438004595302},"36":{"x":566.9244081331069,"y":233.36307885330854},"37":{"x":566.6286993985026,"y":247.57354045491462},"38":{"x":553.4495928844094,"y":274.11035559644944},"39":{"x":527.580102355049,"y":249.9437064480519},"40":{"x":476.7332377144459,"y":216.23159244808136},"41":{"x":485.5519321160142,"y":245.49420434139813},"42":{"x":505.6783761400087,"y":191.30939214427667},"43":{"x":472.0112624209441,"y":236.22888402541253},"44":{"x":534.6486542714879,"y":212.81183518448762},"45":{"x":512.0036025904878,"y":294.8472352534374},"46":{"x":500.19430502302566,"y":268.3511223371629},"47":{"x":510.5739806029881,"y":264.5372866842217},"48":{"x":555.2975146765758,"y":203.05375606465975},"49":{"x":526.8790493821289,"y":199.99374418368373},"50":{"x":555.7682555842473,"y":214.62319861232186},"51":{"x":534.9766016906129,"y":190.9216549042028},"52":{"x":454.63886427916844,"y":216.61261512303992},"53":{"x":502.0612274280456,"y":276.2846579674574},"54":{"x":517.1609114142086,"y":256.2590840699212},"55":{"x":520.0121023921419,"y":272.7944510637324},"56":{"x":578.7034890491933,"y":264.6466557071935},"57":{"x":492.511298656338,"y":194.45644581963487},"58":{"x":485.8956704616894,"y":228.45606616690736},"59":{"x":495.26401059068365,"y":164.20646098325975},"60":{"x":455.0072415358197,"y":182.43818155103656},"61":{"x":449.8563363068138,"y":234.91095730532487},"62":{"x":471.416347539111,"y":251.32676140870385},"63":{"x":421.8887812161591,"y":260.14005734729295},"64":{"x":434.459895582118,"y":205.44209126084493},"65":{"x":469.6884728515567,"y":225.97559694899007},"66":{"x":403.8587518304858,"y":199.71627713640237},"67":{"x":517.8523960083804,"y":245.18126469310775},"68":{"x":515.4721781795821,"y":252.67245301448847},"69":{"x":527.2573352619154,"y":205.49514368064015},"70":{"x":521.4456827943891,"y":213.37596556833725},"71":{"x":548.9662140081724,"y":179.32207193263002},"72":{"x":501.92183659904896,"y":185.99371240908866},"73":{"x":481.31260885718484,"y":241.35294055905285},"74":{"x":449.67552095824607,"y":258.5876699266827},"75":{"x":445.43007949891154,"y":249.49507208310428},"76":{"x":504.957979553014,"y":289.30677667205293},"77":{"x":525.3874758315717,"y":296.7998984899617},"78":{"x":526.5086336007017,"y":176.91168047142594},"79":{"x":527.4658043527444,"y":257.18828161146956},"80":{"x":481.87235939047144,"y":275.24791216863923},"81":{"x":486.49891693796667,"y":252.94096330686395},"82":{"x":527.0853885611807,"y":273.89807070585726},"83":{"x":478.73286072120663,"y":262.4835327687194},"84":{"x":487.64974201136874,"y":273.4274534526998},"85":{"x":438.79204665834084,"y":281.31476024640256},"86":{"x":472.2706404408244,"y":276.3288818994247},"87":{"x":454.2849509640952,"y":289.0523514901599},"88":{"x":467.51274019168636,"y":297.6476501445235},"89":{"x":485.5589828951929,"y":182.76010703260476},"90":{"x":412.5254642857268,"y":296.092848136864},"91":{"x":462.9364136697432,"y":232.50954587093705},"92":{"x":489.251660768692,"y":295.31704467405774},"93":{"x":456.951654134789,"y":199.60938352132627},"94":{"x":475.13608522742743,"y":195.22174534809955},"95":{"x":521.7707112988669,"y":196.7866016642472},"96":{"x":522.4987154871646,"y":260.77703155513007},"97":{"x":419.7209701643538,"y":304.7842241034662},"98":{"x":505.88145804633746,"y":321.88219749760447},"99":{"x":487.84288981159943,"y":284.532552613787}}