{"0":{"x":516.6661233460093,"y":153.0207457459531},"1":{"x":495.8676682432613,"y":154.9370250048236},"2":{"x":501.07896689870444,"y":136.34465248466006},"3":{"x":497.3817812562576,"y":144.57847469618355},"4":{"x":486.40719798122944,"y":142.65038357225347},"5":{"x":493.8724259390233,"y":137.8542383021523},"6":{"x":521.3333998107466,"y":123.74847094216906},"7":{"x":523.2133936910408,"y":134.61955778846655},"8":{"x":512.9151112477115,"y":166.50888367791947},"9":{"x":486.81877254648776,"y":123.50302912225638},"10":{"x":521.7244818441626,"y":142.62431861920052},"11":{"x":526.6581978804659,"y":155.2152534955202},"12":{"x":510.13653668890424,"y":184.61546987546785},"13":{"x":487.98701517211714,"y":97.13865232383851},"14":{"x":505.1965402422271,"y":90.63013797010971},"15":{"x":509.0581028785285,"y":117.7499735330345},"16":{"x":503.67580647564705,"y":110.59945801198019},"17":{"x":493.96345716795946,"y":113.58728181355674},"18":{"x":510.58683508069987,"y":89.22838365588356},"19":{"x":496.4641954616066,"y":117.24082468845212},"20":{"x":504.6777163812432,"y":119.30681138071822},"21":{"x":501.3692092820885,"y":101.00173170863489},"22":{"x":491.4283263827716,"y":89.71252193923657},"23":{"x":508.3165930530255,"y":102.46920068450004},"24":{"x":468.361592199154,"y":122.88073597301579},"25":{"x":497.5018390438607,"y":85.77091184307388},"26":{"x":508.3762091645384,"y":95.61751776333062},"27":{"x":516.8162963814684,"y":110.59288414632583},"28":{"x":478.6884441464621,"y":87.09919431917463},"29":{"x":485.30879334719094,"y":104.61760366569642},"30":{"x":495.71501737013915,"y":122.48356107276277},"31":{"x":491.8654235057703,"y":107.36282069987163},"32":{"x":483.61976856823316,"y":120.31754526364068},"33":{"x":500.8019962910902,"y":94.32886360103969},"34":{"x":491.8419487273681,"y":110.43525792800166},"35":{"x":496.65478624532994,"y":98.94352725926112},"36":{"x":492.9303134728059,"y":130.38524308781487},"37":{"x":484.0285106822493,"y":95.4322022320159},"38":{"x":510.95297442798903,"y":130.2737796723952},"39":{"x":475.8189202768397,"y":108.99058593677925},"40":{"x":504.4788039695175,"y":141.25560007779538},"41":{"x":473.4072829752692,"y":132.0294550890359},"42":{"x":470.0103589743457,"y":148.42819329562883},"43":{"x":516.6310313269031,"y":116.57572234434673},"44":{"x":443.20895330622477,"y":94.99725367965145},"45":{"x":477.9683263491667,"y":128.51099788776494},"46":{"x":432.22826154120366,"y":107.42223350859213},"47":{"x":492.47170036132206,"y":174.26422410872607},"48":{"x":485.8619589288176,"y":153.4659910046565},"49":{"x":486.4920192762969,"y":136.94339286109158},"50":{"x":472.79873268017934,"y":162.45732125810054},"51":{"x":501.98731777337787,"y":168.98605522866833},"52":{"x":258.1149146266835,"y":174.59351590940773},"53":{"x":484.05382900965435,"y":126.64334350806041},"54":{"x":495.35693221099365,"y":147.69940614921143},"55":{"x":482.7389848851097,"y":137.58616491952014},"56":{"x":502.5866122894631,"y":124.63695709832412},"57":{"x":506.75275560690335,"y":130.72347777939552},"58":{"x":466.21489335266625,"y":143.49729200047466},"59":{"x":460.5563918107066,"y":155.3293142632171},"60":{"x":466.5520716805714,"y":138.51984428724927},"61":{"x":477.2881798623094,"y":157.42009107173328},"62":{"x":474.53653295859004,"y":144.88672891691948},"63":{"x":488.0416394911885,"y":109.85559887462554},"64":{"x":470.6064033532893,"y":125.31790321864491},"65":{"x":466.16017187127767,"y":155.87471322829055},"66":{"x":477.53892528189226,"y":149.90599351759172},"67":{"x":488.7820466909334,"y":148.84267103477362},"68":{"x":479.9604702934234,"y":134.94292724812536},"69":{"x":462.4907516553238,"y":136.04970971174072},"70":{"x":449.4902007778033,"y":131.02284174791515},"71":{"x":471.87828178365965,"y":158.78989049590868},"72":{"x":458.5191324975016,"y":148.53001448605454},"73":{"x":500.18577252095906,"y":131.15825979176466},"74":{"x":482.63884740513396,"y":147.1968056833977},"75":{"x":490.7222176392902,"y":140.7877059601014},"76":{"x":512.4394743173308,"y":123.98943739409897},"77":{"x":502.792981748069,"y":144.842610887444},"78":{"x":512.6979464029904,"y":137.15123372677863},"79":{"x":486.09194073491057,"y":161.37586998719664},"80":{"x":478.8230247362245,"y":153.08822012825956},"81":{"x":505.6740318450132,"y":100.52833139276468},"82":{"x":512.5616321601494,"y":98.86274462116177},"83":{"x":480.2970269036632,"y":168.70569642447603},"84":{"x":535.2020907686881,"y":167.76188055254056},"85":{"x":455.4194769686695,"y":145.89796216531067},"86":{"x":447.900540127297,"y":121.52739026571334},"87":{"x":524.1841951878589,"y":164.20433849961827},"88":{"x":445.9720892067241,"y":156.6525435083177},"89":{"x":464.27716948661634,"y":166.61840312150574},"90":{"x":446.77105808874956,"y":134.81093600852327},"91":{"x":448.5114653101765,"y":166.9280377318967},"92":{"x":439.5915566054093,"y":128.01029874934827},"93":{"x":441.32166694030536,"y":144.7668886726238},"94":{"x":432.57663918914744,"y":143.55611405788164},"95":{"x":534.2633987381511,"y":126.43462334805365},"96":{"x":499.1264510889714,"y":153.81595461846803},"97":{"x":467.68503278358844,"y":162.83623636918094},"98":{"x":490.6384298146556,"y":126.64044979674023},"99":{"x":468.4008009885486,"y":132.4189747378122},"100":{"x":494.3010158942079,"y":66.30191613955276},"101":{"x":470.3266637897697,"y":176.16871850834397},"102":{"x":449.9521537741224,"y":155.7894439263817},"103":{"x":489.42849971143494,"y":179.04913397675142},"104":{"x":471.7029846668208,"y":224.12682851570293},"105":{"x":473.8222635603743,"y":219.45971081039738},"106":{"x":470.7942146383628,"y":112.3577610591717},"107":{"x":488.2725120475334,"y":155.0946403632045},"108":{"x":475.9169409969164,"y":172.5641150396605},"109":{"x":450.76649579050627,"y":150.52856460488934},"110":{"x":447.35495056564986,"y":225.39322711116085},"111":{"x":465.50500191925704,"y":235.19185862793574},"112":{"x":456.7747922736484,"y":202.48406628737678},"113":{"x":489.89270657417217,"y":162.67114666166705},"114":{"x":513.5481850443681,"y":104.51088158736158},"115":{"x":472.6135209196183,"y":116.94803931839536},"116":{"x":515.6277515792957,"y":137.08789445810382},"117":{"x":480.8233551776625,"y":116.59608390144047},"118":{"x":523.3979717391644,"y":109.37001897486374},"119":{"x":499.4690967168945,"y":147.46269636822248},"120":{"x":510.052012512523,"y":152.6852569921596},"121":{"x":531.0457684855913,"y":110.81761847078798},"122":{"x":530.0238995348072,"y":186.47412531318764},"123":{"x":531.7429787733882,"y":197.92608928546179},"124":{"x":537.7932518819988,"y":180.4154753427688},"125":{"x":683.3334285128639,"y":294.61365605289126},"126":{"x":554.8905141104608,"y":120.41467953557687},"127":{"x":519.6106549613118,"y":131.54517614749477},"128":{"x":527.2460725680661,"y":120.94709638955305},"129":{"x":594.1003100242751,"y":125.9861892250996},"130":{"x":458.15824787021273,"y":214.6202033915002},"131":{"x":478.02340175739596,"y":122.3605072907319},"132":{"x":417.88232003966453,"y":142.3405355787456},"133":{"x":428.62848849511664,"y":127.59734291529489},"134":{"x":400.7942292718588,"y":143.96216573194954},"135":{"x":411.02139686060775,"y":120.43680633705571},"136":{"x":408.87189643060105,"y":130.9926666711551},"137":{"x":394.82467489172296,"y":133.84540479725464},"138":{"x":399.276741287105,"y":122.94461086725249},"139":{"x":488.164964842875,"y":233.5586049081662},"140":{"x":477.586379745968,"y":184.86744025937244},"141":{"x":508.59906067350624,"y":143.77840219733582},"142":{"x":425.01078773289834,"y":255.93977994918197},"143":{"x":455.9438016045198,"y":163.21692711613616},"144":{"x":506.7443761422985,"y":166.0335807809026},"145":{"x":463.16266766524177,"y":52.35398002064861},"146":{"x":451.6158120314466,"y":86.89077473629943},"147":{"x":556.1822607459895,"y":236.32128545499984},"148":{"x":419.39020938060924,"y":427.7046336257717},"149":{"x":459.19900651668064,"y":116.05383139346814},"150":{"x":532.1630058774907,"y":412.25552536647086},"151":{"x":529.0339176773907,"y":434.6174410557515},"152":{"x":552.1315526244881,"y":424.2147777977909},