{"0":{"x":410.98918550442534,"y":184.72902669078127},"1":{"x":445.92534428135735,"y":190.74038379238564},"2":{"x":438.58406724466636,"y":193.57161836851603},"3":{"x":441.1180571666015,"y":184.28327011174974},"4":{"x":459.09128509484503,"y":195.55154925858744},"5":{"x":445.30595283993756,"y":207.35636898255956},"6":{"x":482.6084876564006,"y":185.19175429271672},"7":{"x":479.6637332724058,"y":200.44850369759723},"8":{"x":488.8532880199172,"y":207.71482493268002},"9":{"x":477.0555711815467,"y":177.59928822450775},"10":{"x":452.8230338692481,"y":207.49185318346304},"11":{"x":490.14316337107226,"y":197.82437154168116},"12":{"x":491.588371842456,"y":180.89186880589878},"13":{"x":467.93174082032266,"y":204.66839989381802},"14":{"x":452.7766392998031,"y":188.7259121520059},"15":{"x":470.9831120444044,"y":188.27524892740504},"16":{"x":457.2194146677761,"y":211.3875381541626},"17":{"x":487.02660669406754,"y":173.5821416062082},"18":{"x":435.7373589165518,"y":187.70631435034977},"19":{"x":467.7009950090673,"y":228.2118579025911},"20":{"x":435.6746820523296,"y":199.44131454979592},"21":{"x":428.1021702943096,"y":198.6927235213458},"22":{"x":433.21973056865875,"y":204.37154279060692},"23":{"x":401.3787984995706,"y":205.62349475680975},"24":{"x":419.96225728611716,"y":191.5144568480291},"25":{"x":490.07605768814653,"y":170.32242698990598},"26":{"x":505.9761049222551,"y":187.31399801761754},"27":{"x":479.4324933385191,"y":193.03878807479109},"28":{"x":506.018564007726,"y":181.18781256102042},"29":{"x":485.5298164281829,"y":197.36440441683717},"30":{"x":470.6437167586475,"y":180.12416633935027},"31":{"x":493.88236362500436,"y":186.84160406411024},"32":{"x":487.9222719615825,"y":160.27893032964167},"33":{"x":488.7372281723977,"y":189.46669358028836},"34":{"x":478.00868602861044,"y":184.18878611844133},"35":{"x":497.6681531024542,"y":157.72114180370454},"36":{"x":453.68860667796,"y":162.77869534391266},"37":{"x":478.21945106454,"y":167.43358543996976},"38":{"x":510.3673526307046,"y":162.94332828238686},"39":{"x":465.2266237229975,"y":170.0592609723622},"40":{"x":501.4764879674783,"y":194.82055033999657},"41":{"x":467.29169720507775,"y":191.52931492329856},"42":{"x":472.87637077930947,"y":153.24470988630603},"43":{"x":478.8267697973664,"y":216.412214110918},"44":{"x":465.5230240583505,"y":154.8750756821233},"45":{"x":463.6752561257433,"y":198.20252291711455},"46":{"x":454.39716828471234,"y":183.14581704353634},"47":{"x":452.2384301921904,"y":198.7401331744274},"48":{"x":457.38825550613865,"y":207.1361222816892},"49":{"x":470.1079514113728,"y":198.67226457543896},"50":{"x":463.18798942393727,"y":184.39876332903603},"51":{"x":439.0428107512073,"y":208.51994925178948},"52":{"x":419.4162475885836,"y":195.78237880637417},"53":{"x":421.81976347449955,"y":201.83706183372038},"54":{"x":373.1821030518579,"y":197.53946109861502},"55":{"x":374.36606128209286,"y":176.88823830542697},"56":{"x":376.6284081524524,"y":213.21569460581998},"57":{"x":452.422964434563,"y":202.30445534751053},"58":{"x":459.6127628267057,"y":144.14407454179403},"59":{"x":451.7681346138287,"y":170.14790712813667},"60":{"x":493.86697447062403,"y":241.30075652937688},"61":{"x":469.06333525005016,"y":185.837614992077},"62":{"x":441.9911552003389,"y":196.5940389411388},"63":{"x":456.52948706825623,"y":172.06972745474252},"64":{"x":441.60744621128043,"y":170.4039260388612},"65":{"x":418.4141904669372,"y":240.32083233841357},"66":{"x":484.1088330132529,"y":206.24287561358096},"67":{"x":473.7938979126175,"y":196.11257055249075},"68":{"x":484.9749541362445,"y":249.88643537354906},"69":{"x":503.61944411672835,"y":226.30334234429165},"70":{"x":494.0021273630323,"y":203.53988300580366},"71":{"x":469.9269955018104,"y":238.26381984767062},"72":{"x":458.1999904389363,"y":187.8962151450362},"73":{"x":438.497642600037,"y":214.97427347770568},"74":{"x":424.0133048807478,"y":165.24364546463207},"75":{"x":429.4016346263602,"y":178.00521858901217},"76":{"x":460.6669934255172,"y":165.02442604516824},"77":{"x":482.99654922401464,"y":233.26572599219378},"78":{"x":454.71815212568794,"y":220.79690376030712},"79":{"x":496.2164892287578,"y":222.79420443933182},"80":{"x":465.9739834845575,"y":220.24309814793455},"81":{"x":535.3491075456751,"y":224.9665217313053},"82":{"x":522.6358312630621,"y":234.71142498880633},"83":{"x":520.3724627450669,"y":222.32976814363545},"84":{"x":534.024337736937,"y":211.12563016805888},"85":{"x":475.2612783023243,"y":223.1571072135539},"86":{"x":468.63237329073564,"y":259.0078896499117},"87":{"x":481.7965420392993,"y":141.38793435305325},"88":{"x":469.79952552560644,"y":131.73343985481966},"89":{"x":442.4022580782491,"y":162.07815074984794},"90":{"x":527.2111133470685,"y":360.7538514755672},"91":{"x":519.8282971544967,"y":319.60486160555706},"92":{"x":531.3476650799756,"y":337.53082430757854},"93":{"x":516.5831416765047,"y":351.0004208743539},"94":{"x":522.9591923726665,"y":343.10415068491056},"95":{"x":543.3713215868048,"y":346.014215701268},"96":{"x":538.2876913033342,"y":356.46572598480464},"97":{"x":509.49329415484647,"y":192.2532485973273},"98":{"x":499.62806632081333,"y":181.72836471819969},"99":{"x":473.6909309240661,"y":173.12628859288475},"100":{"x":508.3704391889841,"y":179.32687713760092},"101":{"x":521.6153547070402,"y":180.87916780534056},"102":{"x":499.23480799558934,"y":165.7423702130329},"103":{"x":513.8919796468182,"y":173.56714050924938},"104":{"x":518.6423639312701,"y":195.64197996972038},"105":{"x":555.4790987988065,"y":191.3142668510416},"106":{"x":554.8745795815034,"y":200.96593105263298},"107":{"x":469.79557765509117,"y":207.64149151628573},"108":{"x":482.9447202067694,"y":167.2846725659627},"109":{"x":463.50121930573687,"y":191.64460285229455},"110":{"x":447.6847257221095,"y":209.83168931704006},"111":{"x":419.9826179406422,"y":180.99079828650392},"112":{"x":409.50334039735276,"y":223.1715062564214},"113":{"x":473.46198529700166,"y":216.1884341476372},"114":{"x":495.2177695604991,"y":227.33700619234347},"115":{"x":513.4070773602291,"y":235.38050408395338},"116":{"x":503.2392363337856,"y":216.77025968669506},"117":{"x":459.8165581401842,"y":177.09243228872722},"118":{"x":505.9369092983846,"y":195.64661549915942},"119":{"x":432.7760504057016,"y":209.28307802013066},"120":{"x":464.7333452407904,"y":212.1888719564096},"121":{"x":514.1579295741143,"y":278.202507324451},"122":{"x":502.9354908823693,"y":247.12745646269445},"123":{"x":505.5044621126481,"y":315.8241836178818},"124":{"x":441.93282788217675,"y":223.863017165141},"125":{"x":502.2824403770499,"y":175.06738934998637},"126":{"x":464.3026310492033,"y":174.16025886262273},"127":{"x":482.72645490699074,"y":177.41648427619015},"128":{"x":436.8069964877065,"y":220.0875314529186},"129":{"x":524.1658160725476,"y":164.11986543891265},"130":{"x":510.7914768172224,"y":189.82366098005545},"131":{"x":497.01505275681393,"y":173.46047122843171},"132":{"x":514.1834272520579,"y":124.78638007313943},"133":{"x":505.9118596943845,"y":164.27135002685426},"134":{"x":544.0268910684057,"y":128.6499201830581},"135":{"x":460.78935848413613,"y":210.6561812284443},"136":{"x":443.05635219005956,"y":232.82082161700242},"137":{"x":429.9060522477748,"y":225.11781759066005},"138":{"x":494.8036709818816,"y":168.85030544329757},"139":{"x":494.3183137982764,"y":210.15872390374685},"140":{"x":475.55001270597285,"y":189.3659950144162},"141":{"x":488.59816555303297,"y":233.233927809266},"142":{"x":478.8551562064656,"y":211.9592990419534},"143":{"x":466.7809672146101,"y":248.38357562675796},"144":{"x":504.57418655425147,"y":203.8383660339024},"145":{"x":472.8009615815806,"y":211.16129499100902},"146":{"x":507.9515021342092,"y":200.60039653072747},"147":{"x":507.8170903383919,"y":148.20852198813847},"148":{"x":513.9366661392617,"y":146.68653841798465},"149":{"x":497.43350654583264,"y":152.92250336637886},"150":{"x":461.577267753928,"y":202.52732558962694},"151":{"x":469.1901807078049,"y":169.43072197842577},"152":{"x":480.2839943333308,"y":147.18166859694384},