{"0":{"x":504.0573183248674,"y":230.3380909838293},"1":{"x":506.38604785053656,"y":277.0361983511841},"2":{"x":511.36973778390376,"y":267.8226535815857},"3":{"x":487.0453416393826,"y":259.1981292761451},"4":{"x":503.7437231592081,"y":250.1773867945149},"5":{"x":498.1208525819239,"y":221.2546380831134},"6":{"x":512.9764980906997,"y":220.1988147827081},"7":{"x":472.7026096105089,"y":216.84059296078004},"8":{"x":493.11067137771437,"y":195.7627168131897},"9":{"x":503.4707330759494,"y":191.95463459292463},"10":{"x":514.277680510592,"y":195.80305767587566},"11":{"x":579.4711795801458,"y":200.4738268190233},"12":{"x":555.0782559514228,"y":230.10088141785826},"13":{"x":417.0894855152896,"y":282.86087010378577},"14":{"x":465.3729873606901,"y":285.6081580314633},"15":{"x":461.8739278678278,"y":240.7513046615823},"16":{"x":481.0488217784643,"y":267.9575902411617},"17":{"x":475.81858758546565,"y":257.95536387286},"18":{"x":467.21298809299105,"y":275.175169917057},"19":{"x":470.7743137176918,"y":261.77820100079214},"20":{"x":452.47619104239635,"y":335.1654257683543},"21":{"x":481.3461823149663,"y":302.2712392030084},"22":{"x":472.3127695967015,"y":313.7050423651201},"23":{"x":466.9621485217819,"y":342.9935728178799},"24":{"x":572.8377098027715,"y":300.20314522726454},"25":{"x":533.7068103734447,"y":299.9203647482936},"26":{"x":546.3089449130289,"y":303.398949556425},"27":{"x":551.7971292876678,"y":310.40624579633743},"28":{"x":554.032345658802,"y":294.9165408651642},"29":{"x":558.4050506340308,"y":316.67717938810756},"30":{"x":556.3730710831878,"y":312.81128058402163},"31":{"x":578.6726627473704,"y":317.2720740837317},"32":{"x":584.3239191821506,"y":301.8327091491594},"33":{"x":483.2703006065828,"y":285.0870633768238},"34":{"x":485.5100680860619,"y":271.5551709442174},"35":{"x":488.7526207441197,"y":276.0848376172555},"36":{"x":460.44136290138573,"y":286.54743574256565},"37":{"x":490.5111612531737,"y":288.206010398229},"38":{"x":493.33709321385334,"y":250.3783637382183},"39":{"x":465.5769929604266,"y":296.7895912947394},"40":{"x":502.03981864669674,"y":279.5812948916962},"41":{"x":478.37712911372296,"y":290.29223324473213},"42":{"x":479.4942932930587,"y":296.4426442377404},"43":{"x":518.406852608065,"y":296.81591885211816},"44":{"x":473.4116135280939,"y":289.9742616238467},"45":{"x":497.09180405920654,"y":301.1416189620924},"46":{"x":486.2965736466674,"y":312.2167585621977},"47":{"x":489.85050961705457,"y":301.88470226765304},"48":{"x":467.27125748868355,"y":302.44786239143576},"49":{"x":489.10512174128115,"y":296.22217031618624},"50":{"x":467.79726944711854,"y":266.04278158359034},"51":{"x":495.05187882281285,"y":281.70213231081703},"52":{"x":473.4194306285367,"y":283.376638285672},"53":{"x":471.55651013731807,"y":305.0123204045469},"54":{"x":476.0052219153453,"y":312.41739475761733},"55":{"x":458.9072990741587,"y":301.78819447668036},"56":{"x":465.94556234263405,"y":312.4540037820525},"57":{"x":461.3398159725742,"y":306.0486651850352},"58":{"x":463.86278947113885,"y":289.74909248686583},"59":{"x":498.6781220532425,"y":285.6551189271783},"60":{"x":477.02185551855786,"y":280.2838458529072},"61":{"x":477.2618174258236,"y":301.87393014820395},"62":{"x":469.43259136930243,"y":247.87138758890814},"63":{"x":469.18098513881347,"y":291.5377384418704},"64":{"x":501.00952087476185,"y":295.34635669435175},"65":{"x":484.49311417485404,"y":315.6554074184927},"66":{"x":446.3837903749105,"y":270.75364816674056},"67":{"x":462.04485918037227,"y":310.01504366846336},"68":{"x":510.12167347390425,"y":315.3082816810002},"69":{"x":451.3887050778938,"y":301.5217172084871},"70":{"x":486.9297963222903,"y":305.7541444818218},"71":{"x":444.0070078343708,"y":298.5190703263846},"72":{"x":457.77953510968786,"y":273.3983120869996},"73":{"x":486.7001797810444,"y":321.1208250059843},"74":{"x":517.2355155202231,"y":282.9336676172152},"75":{"x":453.02343034797315,"y":295.3838117232407},"76":{"x":460.81443062055973,"y":261.43171140705016},"77":{"x":525.8270446700747,"y":302.2637497888336},"78":{"x":491.93855508720867,"y":269.27179670906213},"79":{"x":464.17577467860434,"y":268.28223129126786},"80":{"x":526.9779554562139,"y":294.8847136349668},"81":{"x":497.80221422152476,"y":308.061177712592},"82":{"x":446.04174435649827,"y":262.54766730420556},"83":{"x":437.99255869446904,"y":317.6171518707586},"84":{"x":475.37993471210257,"y":325.59283988640766},"85":{"x":511.1478053055362,"y":307.5632933597737},"86":{"x":506.0985472121255,"y":301.12691731240454},"87":{"x":533.0694062365484,"y":282.5450303515046},"88":{"x":537.8556632689719,"y":315.4935086457037},"89":{"x":516.2738054577783,"y":321.92570445806655},"90":{"x":544.2021511435349,"y":285.79185255067216},"91":{"x":459.270440322239,"y":297.5441891366814},"92":{"x":453.8786206885136,"y":282.61844361163816},"93":{"x":431.1725779169615,"y":219.834508709091},"94":{"x":445.1951796825641,"y":242.1332776217718},"95":{"x":406.62621574376334,"y":181.6273079903453},"96":{"x":391.4091504239079,"y":197.13293381944428},"97":{"x":405.14576526548046,"y":195.52522897151948},"98":{"x":511.54760198910157,"y":296.406510887453},"99":{"x":531.7431317864192,"y":316.216285734978},"100":{"x":482.0253730844287,"y":274.8374955315064},"101":{"x":524.9944745619413,"y":283.66652412971285},"102":{"x":516.6748192440131,"y":318.27517950830406},"103":{"x":544.7129827961677,"y":298.8247978386898},"104":{"x":549.3267744921275,"y":315.60420652823365},"105":{"x":547.5893844812979,"y":321.66846840924785},"106":{"x":555.1327670068185,"y":303.51142899761885},"107":{"x":513.7258174840067,"y":291.68891200283144},"108":{"x":499.34268909471865,"y":268.7006041148111},"109":{"x":524.6282506911177,"y":307.70863432272233},"110":{"x":522.1831757895864,"y":313.79660108254774},"111":{"x":533.3266938659212,"y":287.6972950116296},"112":{"x":533.541048075411,"y":305.9475245090159},"113":{"x":502.5676420302542,"y":312.76139281764165},"114":{"x":546.2029665218688,"y":292.220603387683},"115":{"x":599.0864110478873,"y":316.3525124131162},"116":{"x":557.153764846152,"y":308.05707021191586},"117":{"x":496.3232936043825,"y":254.792291812062},"118":{"x":521.8842498715179,"y":222.55294116823515},"119":{"x":456.0651189118863,"y":325.87733247012903},"120":{"x":510.8881428804664,"y":302.23371415430995},"121":{"x":456.9888175171395,"y":306.26022937578097},"122":{"x":507.3991692851602,"y":330.3846813319031},"123":{"x":489.70336680602026,"y":235.29995493076729},"124":{"x":503.6716932591474,"y":263.4357400835179},"125":{"x":484.5019735817838,"y":255.01963526792096},"126":{"x":455.15359935427887,"y":271.55356539747004},"127":{"x":453.06374939939406,"y":257.8150495145943},"128":{"x":544.0645163161412,"y":262.1698073085314},"129":{"x":575.225474982127,"y":247.30326964901025},"130":{"x":558.8058475364692,"y":281.2459312676491},"131":{"x":526.7521838826378,"y":259.3287141220715},"132":{"x":583.7588281186985,"y":259.5560708892226},"133":{"x":512.7202675600569,"y":252.34414505007248},"134":{"x":496.85760826952696,"y":234.82593038036464},"135":{"x":517.7568389985869,"y":248.45356216311933},"136":{"x":511.30133254264007,"y":241.47347853091443},"137":{"x":529.3501471065273,"y":318.29897713328995},"138":{"x":549.276570015996,"y":294.6973470626258},"139":{"x":546.132504000244,"y":311.026472997352},"140":{"x":537.698563875658,"y":326.02429889522676},"141":{"x":548.6646624518871,"y":326.53131512117466},"142":{"x":538.6309943511374,"y":290.3028848140199},"143":{"x":552.2683464977705,"y":287.92191842191033},"144":{"x":533.5981750535643,"y":323.41800445620413},"145":{"x":540.7882770753016,"y":294.70384977065333},"146":{"x":542.1476305041972,"y":317.60501126873385},"147":{"x":529.5344816355907,"y":323.29514763878655},"148":{"x":554.0111921760622,"y":324.6459271073291},"149":{"x":544.3933781852563,"y":337.9361487985821},"150":{"x":565.1869165416335,"y":268.01051662631164},"151":{"x":522.4409693360643,"y":263.02637326742126},"152":{"x":490.2335769776993,"y":323.89929019890155},"153":{"x":546.9892293040161,"y":306.9078602442479},