{"0":{"x":403.9413606081868,"y":215.78935898327526},"1":{"x":420.9424722068499,"y":203.2683196731924},"2":{"x":455.2461230051426,"y":209.82000138900023},"3":{"x":422.0776317994556,"y":212.68607800386886},"4":{"x":417.99778737173676,"y":200.54229445231894},"5":{"x":395.8050914048784,"y":218.40539506302605},"6":{"x":406.1817287522975,"y":204.55201728518168},"7":{"x":390.99960178686365,"y":199.3047390255374},"8":{"x":416.59641567940747,"y":223.93656254693624},"9":{"x":405.178153252421,"y":244.5928992625022},"10":{"x":403.01576428662025,"y":227.2046475556494},"11":{"x":385.720709299225,"y":227.89117284023422},"12":{"x":390.32011815371277,"y":204.67601727557482},"13":{"x":380.5236051449778,"y":208.93092996937455},"14":{"x":381.3307539866445,"y":218.42262781198494},"15":{"x":369.3376101198625,"y":225.08817800808626},"16":{"x":402.4199104003553,"y":240.58905617235047},"17":{"x":623.9250178435383,"y":189.32922068269662},"18":{"x":616.2301686476487,"y":200.6474211793755},"19":{"x":607.7080388197268,"y":207.24091213850173},"20":{"x":634.1828727730257,"y":190.57891249600914},"21":{"x":638.8114026672905,"y":206.0463663675383},"22":{"x":629.8545857223776,"y":214.99703186867455},"23":{"x":612.2791007646193,"y":239.51375405846392},"24":{"x":614.9936644555023,"y":228.07217454224642},"25":{"x":620.778225660709,"y":218.88163343322313},"26":{"x":583.8304883690241,"y":215.6144136173594},"27":{"x":633.7981815166656,"y":230.63679809665825},"28":{"x":598.9678241305036,"y":232.20016606554705},"29":{"x":637.2998837192796,"y":248.7161127616837},"30":{"x":625.5452136132579,"y":255.10699571992504},"31":{"x":415.42929288546486,"y":192.1829769349683},"32":{"x":408.57957963897945,"y":220.74597525691067},"33":{"x":395.88972143238266,"y":201.36012421385414},"34":{"x":426.75459949711274,"y":228.74494379498697},"35":{"x":467.5798858179611,"y":239.54468125213882},"36":{"x":457.27834645150745,"y":221.26077660299717},"37":{"x":395.2035752257556,"y":212.51479091973798},"38":{"x":545.4101132634368,"y":29.209175392996226},"39":{"x":645.9550646759654,"y":182.16742359697616},"40":{"x":653.7197196028209,"y":193.01611269286136},"41":{"x":647.6205405015811,"y":205.09073588931298},"42":{"x":437.47272734485983,"y":230.08416101758723},"43":{"x":428.73466054784086,"y":246.7106572615052},"44":{"x":418.33114525770446,"y":252.84855278039757},"45":{"x":406.1734843021719,"y":259.10478059873583},"46":{"x":416.1194262398915,"y":263.48212402444454},"47":{"x":429.4012820288957,"y":307.7858288008098},"48":{"x":429.5572016951394,"y":263.3077531519984},"49":{"x":413.02294286302924,"y":304.10362734961006},"50":{"x":651.7738946864737,"y":384.26801014637624},"51":{"x":654.8610641699944,"y":361.1391595375891},"52":{"x":669.2306593248636,"y":372.45579834758195},"53":{"x":647.1443742685459,"y":366.471639886125},"54":{"x":620.1715707763102,"y":167.7523092781448},"55":{"x":640.41143221365,"y":175.57988124751046},"56":{"x":616.8098586651643,"y":181.88238232092047},"57":{"x":631.9080288456378,"y":168.22585070415076},"58":{"x":473.6114793863094,"y":187.8860846272837},"59":{"x":479.40980195821123,"y":217.17931725500117},"60":{"x":489.17724690819927,"y":207.94618367663873},"61":{"x":465.0407496639354,"y":184.36390461988998},"62":{"x":487.5994735361823,"y":216.62018665019133},"63":{"x":448.17407474244726,"y":213.12673678182506},"64":{"x":466.6121864005564,"y":203.86465660273433},"65":{"x":479.34680401816485,"y":195.4371499011866},"66":{"x":436.7766447061688,"y":201.71341757323663},"67":{"x":478.2142752581555,"y":175.0508674869914},"68":{"x":455.80706095783364,"y":191.90072497568633},"69":{"x":500.7352703624533,"y":197.9579746135923},"70":{"x":472.1317099606045,"y":213.05439181939914},"71":{"x":463.5605452367825,"y":166.01600626901305},"72":{"x":488.19504168543074,"y":184.8998647555084},"73":{"x":480.3831721839373,"y":199.2327033379663},"74":{"x":489.6926511063186,"y":171.41860006686957},"75":{"x":467.79415111567823,"y":152.12655375319636},"76":{"x":462.6334511788331,"y":226.90132730468744},"77":{"x":468.2408861146625,"y":218.69533191736548},"78":{"x":452.4302551951345,"y":218.69865001774758},"79":{"x":446.76946097290346,"y":204.5095236638112},"80":{"x":429.0253627848397,"y":223.3654966460175},"81":{"x":434.0667924466614,"y":208.5697329625262},"82":{"x":486.2430489821384,"y":227.59769226727408},"83":{"x":476.97600133550515,"y":240.78942158227915},"84":{"x":487.4441210503153,"y":221.06500138929437},"85":{"x":473.90789641370714,"y":248.15823058789334},"86":{"x":451.18961308641514,"y":234.37769409846044},"87":{"x":433.49202715383944,"y":235.6196049330049},"88":{"x":449.59353520561785,"y":245.66884918569014},"89":{"x":455.96718053587983,"y":203.24635882247503},"90":{"x":480.42132988641305,"y":209.97723285953086},"91":{"x":610.6671908480776,"y":177.28663138873077},"92":{"x":596.8350122715781,"y":186.34369737548465},"93":{"x":382.971495719328,"y":197.3261087148681},"94":{"x":436.92808342695383,"y":186.7601615895604},"95":{"x":461.8644226279364,"y":242.3011939945384},"96":{"x":508.10213283863277,"y":235.30758647396698},"97":{"x":445.9241171549814,"y":224.16299644131317},"98":{"x":463.4581964130929,"y":268.3406188518101},"99":{"x":487.29377043626437,"y":247.35651389234678},"100":{"x":447.82331404707213,"y":266.96393590688297},"101":{"x":308.88713216808026,"y":340.0395950237889},"102":{"x":295.47651011589744,"y":330.4739836657379},"103":{"x":318.5358507168016,"y":313.3847514637785},"104":{"x":283.76607057919927,"y":344.46171941214664},"105":{"x":302.92685270838524,"y":357.1071117645165},"106":{"x":287.5425577210287,"y":350.88219268668627},"107":{"x":542.798551279813,"y":271.5360800084303},"108":{"x":533.9977802153545,"y":254.06479481683667},"109":{"x":542.5717521464574,"y":253.72971039097558},"110":{"x":524.1166841581784,"y":270.9668726920395},"111":{"x":527.6828014823401,"y":257.6170211826526},"112":{"x":525.0003584287923,"y":279.2435568775832},"113":{"x":531.2249990725563,"y":265.9605656324918},"114":{"x":538.5417151741774,"y":248.680275753056},"115":{"x":546.6397435607303,"y":295.0990420055392},"116":{"x":444.64664727993227,"y":254.04845770229625},"117":{"x":435.9685857568381,"y":274.3455842455667},"118":{"x":420.38647880246407,"y":233.72380126040048},"119":{"x":393.58180324350985,"y":174.18536457346818},"120":{"x":441.4377003278643,"y":209.83310912926675},"121":{"x":403.40004919475115,"y":230.87238597014368},"122":{"x":412.68091928327175,"y":183.9491053358634},"123":{"x":458.63222588679986,"y":153.06164570674596},"124":{"x":462.3588889114644,"y":196.24289114676907},"125":{"x":473.2964073892999,"y":160.65724882169036},"126":{"x":448.65860952544506,"y":161.3881879308199},"127":{"x":413.64825319561385,"y":26.56897660061828},"128":{"x":393.4242678710658,"y":33.049258541213185},"129":{"x":585.8463858437484,"y":191.87112566106592},"130":{"x":545.331059764879,"y":206.40225539869382},"131":{"x":586.2265981635242,"y":211.10593289001284},"132":{"x":582.8414805737373,"y":201.4542337714604},"133":{"x":478.0863105049214,"y":207.25055287444692},"134":{"x":491.1857076510232,"y":193.94353802117425},"135":{"x":280.8820284885418,"y":124.86751915913378},"136":{"x":293.0787540914667,"y":107.48396866257961},"137":{"x":438.359581194864,"y":172.41688352022607},"138":{"x":437.6297868127421,"y":195.65499172138374},"139":{"x":413.1556789643466,"y":213.97842175168927},"140":{"x":485.4202893894328,"y":232.5950581966408},"141":{"x":498.88789377437445,"y":233.15744727976522},"142":{"x":465.7167399502268,"y":190.34082170761775},"143":{"x":492.1332904662369,"y":254.00775865826697},"144":{"x":453.2242530533715,"y":212.49513969861172},"145":{"x":455.5284158135349,"y":226.83899213973885},"146":{"x":440.02196458815683,"y":234.92966889379204},"147":{"x":426.4447341300546,"y":219.67198672637184},"148":{"x":436.8296863803921,"y":249.6566076129607},"149":{"x":454.89282100099507,"y":270.7941274121687},"150":{"x":475.27396450348215,"y":220.8084895348892},"151":{"x":481.40712396295646,"y":277.5056647429492},"152":{"x":487.5831064401195,"y":142.843227569138},