{"0": {"x": 739.6311586498014, "y": 603.2271628983121}, "1": {"x": 257.2777918403932, "y": 385.22437435923405}, "2": {"x": 537.1021846229229, "y": 444.1663800860573}, "3": {"x": 589.4843451831491, "y": 724.9295644829757}, "4": {"x": 543.8257321807051, "y": 599.9138590696002}, "5": {"x": 261.69659835745193, "y": 430.99594254995355}, "6": {"x": 336.35848800734914, "y": 730.7364626011615}, "7": {"x": 324.02440460132135, "y": 601.5392194284236}, "8": {"x": 342.1402467102624, "y": 404.7956846991211}, "9": {"x": 317.2017444199265, "y": 447.6977739824266}, "10": {"x": 293.8134294387449, "y": 704.266041334168}, "11": {"x": 635.3094565905272, "y": 517.3407867751555}, "12": {"x": 411.888379694238, "y": 666.3698606134423}, "13": {"x": 702.2564306183896, "y": 270.22401497584116}, "14": {"x": 510.07722916496067, "y": 556.5878087435228}, "15": {"x": 472.7899573320028, "y": 578.6125066193903}, "16": {"x": 562.2779483224665, "y": 323.18420887856394}, "17": {"x": 554.7992052112327, "y": 588.1067712684785}, "18": {"x": 482.09718688343946, "y": 734.2666905363621}, "19": {"x": 531.611881789807, "y": 446.1166537943949}, "20": {"x": 582.4448640447602, "y": 581.5999878783449}, "21": {"x": 299.9933695017039, "y": 263.4037735674079}, "22": {"x": 571.7524790907767, "y": 420.6605417009572}, "23": {"x": 603.2339398269661, "y": 569.2073172031555}, "24": {"x": 593.2314605794362, "y": 407.85685955283145}, "25": {"x": 714.1609823458194, "y": 480.62164279459466}, "26": {"x": 423.40675024000586, "y": 306.1243052941653}, "27": {"x": 441.7218777445915, "y": 260.59421627947864}, "28": {"x": 325.8769676278322, "y": 579.4962192289045}, "29": {"x": 585.9361541368453, "y": 481.9086600478423}, "30": {"x": 323.3458707138678, "y": 505.3903673120132}, "31": {"x": 618.1978528653201, "y": 716.7015106317451}, "32": {"x": 287.41765313997377, "y": 282.2506459189262}, "33": {"x": 463.867159462324, "y": 258.9814495035}, "34": {"x": 296.735750040241, "y": 701.1699156868422}, "35": {"x": 502.56088666007054, "y": 491.76563790335337}, "36": {"x": 297.9727511997827, "y": 698.1145768153294}, "37": {"x": 477.39309542225527, "y": 494.59797270713335}, "38": {"x": 592.1098084210314, "y": 679.1377440549119}, "39": {"x": 502.1338010637395, "y": 560.0047943066209}, "40": {"x": 401.5662628598245, "y": 563.8902283773392}, "41": {"x": 396.43674647395505, "y": 275.9246397001089}, "42": {"x": 468.4366494617939, "y": 510.2717829024537}, "43": {"x": 721.5684812773507, "y": 577.0828654757061}, "44": {"x": 368.15554627632497, "y": 717.4856622284983}, "45": {"x": 544.840014492359, "y": 616.2067574950131}, "46": {"x": 382.40195878194174, "y": 420.42816531882033}, "47": {"x": 731.7858764335413, "y": 554.7394972897683}, "48": {"x": 527.346007204931, "y": 376.0790982773656}, "49": {"x": 472.66506555551905, "y": 696.1069940305329}, "50": {"x": 499.5884594586434, "y": 704.9459813288097}, "51": {"x": 602.453276829458, "y": 592.6387762126858}, "52": {"x": 527.3893654488753, "y": 612.9123858306011}, "53": {"x": 382.95183828155325, "y": 492.2072066645735}, "54": {"x": 713.7744419161462, "y": 358.5585081726425}, "55": {"x": 462.9079605005925, "y": 708.5109291341696}, "56": {"x": 687.1311241052224, "y": 558.0380634941921}, "57": {"x": 715.1917670175716, "y": 312.8864837137712}, "58": {"x": 436.37832243160017, "y": 250.86395977048244}, "59": {"x": 697.9167984577178, "y": 729.7196198285585}, "60": {"x": 391.2176007000523, "y": 578.5420604360474}, "61": {"x": 605.321223132069, "y": 474.5938281631128}, "62": {"x": 580.7430047570317, "y": 559.1170263615231}, "63": {"x": 424.15418912481056, "y": 706.7263643593632}, "64": {"x": 333.8561043204613, "y": 460.4233690924043}, "65": {"x": 420.6470851165982, "y": 343.9981140719821}, "66": {"x": 445.71594930528045, "y": 586.1268293215078}, "67": {"x": 294.42624041919476, "y": 352.35874312461806}, "68": {"x": 584.0300518287847, "y": 458.97919054391593}, "69": {"x": 310.35641176473365, "y": 313.5130168757844}, "70": {"x": 603.8500827271114, "y": 445.74229601453163}, "71": {"x": 477.075362104187, "y": 744.5098462169087}, "72": {"x": 298.90272380550505, "y": 581.8060268894915}, "73": {"x": 645.1241234126613, "y": 281.84233957413096}, "74": {"x": 587.0369640858626, "y": 401.00015567634637}, "75": {"x": 601.976749684102, "y": 685.853229230298}, "76": {"x": 652.5443914742036, "y": 343.66351096676}, "77": {"x": 296.86069550519017, "y": 748.9194763827838}, "78": {"x": 735.5892082025869, "y": 447.7725857083609}, "79": {"x": 689.1404940578155, "y": 396.68288012778714}, "80": {"x": 407.72947423254993, "y": 554.4565414678}, "81": {"x": 570.0670356856558, "y": 304.0758756558774}, "82": {"x": 334.52748275937574, "y": 333.8319646254171}, "83": {"x": 644.2181138999492, "y": 703.7073793514}, "84": {"x": 431.80665407624, "y": 669.1774427152873}, "85": {"x": 561.7632766260049, "y": 320.44223839458914}, "86": {"x": 717.955626157599, "y": 272.6418226543823}, "87": {"x": 618.490593133122, "y": 537.1194655592683}, "88": {"x": 587.1275082729171, "y": 324.8133589734683}, "89": {"x": 626.6111937480246, "y": 584.2193855405001}, "90": {"x": 404.49479572793217, "y": 617.3217877394977}, "91": {"x": 697.762049251433, "y": 276.52647274987646}, "92": {"x": 367.35126125749014, "y": 385.2473197606356}, "93": {"x": 267.8164534316642, "y": 423.252706374782}, "94": {"x": 491.18566108714367, "y": 526.4594751627119}, "95": {"x": 308.8575533804705, "y": 567.3476860591727}, "96": {"x": 257.53230378106554, "y": 681.8764664573858}, "97": {"x": 661.3708370464228, "y": 664.9107359378361}, "98": {"x": 259.60131713017864, "y": 653.5405211226474}, "99": {"x": 642.7805537426003, "y": 625.4943488882866}, "100": {"x": 484.15307407316106, "y": 509.9151363160376}, "101": {"x": 695.7575678518319, "y": 481.6325435539935}, "102": {"x": 692.2055256504176, "y": 357.96266342627007}, "103": {"x": 617.4962842051644, "y": 318.307167030292}, "104": {"x": 341.54504648904935, "y": 260.73430192298673}, "105": {"x": 578.564121165243, "y": 578.5445020684863}, "106": {"x": 745.7023890280452, "y": 640.9496742802642}, "107": {"x": 427.73058706680035, "y": 563.5084516636873}, "108": {"x": 680.0975662356764, "y": 566.3400873935703}, "109": {"x": 287.0467458456408, "y": 358.20217981366295}, "110": {"x": 737.6691786250321, "y": 257.49799094772044}, "111": {"x": 272.7247428415135, "y": 274.72833191413827}, "112": {"x": 474.05247103051033, "y": 556.131100448715}, "113": {"x": 466.14815156042795, "y": 283.96083254320763}, "114": {"x": 530.333188808954, "y": 676.1013528832391}, "115": {"x": 403.0135715960015, "y": 291.57124353921273}, "116": {"x": 295.7525700090821, "y": 320.8103708933469}, "117": {"x": 411.96584731463145, "y": 687.8573116676098}, "118": {"x": 487.498212111891, "y": 742.7020479613896}, "119": {"x": 435.78273837302754, "y": 420.6458254836498}, "120": {"x": 615.0387082719199, "y": 352.9746099360294}, "121": {"x": 279.01759264502584, "y": 292.2056365195634}, "122": {"x": 374.1300953036159, "y": 457.0062900603742}, "123": {"x": 572.992188543561, "y": 386.9098561173141}, "124": {"x": 280.3618008462995, "y": 318.04748145044533}, "125": {"x": 457.4911741693097, "y": 311.7255874621102}, "126": {"x": 270.0714930641497, "y": 323.02775030287063}, "127": {"x": 432.1502852484085, "y": 404.7207326420648}, "128": {"x": 693.3301173170565, "y": 566.1235739715744}, "129": {"x": 302.0320686195703, "y": 440.22326257045665}, "130": {"x": 424.2761626833834, "y": 648.4284902776803}, "131": {"x": 274.30252355501017, "y": 717.3778663259828}, "132": {"x": 469.4455073171074, "y": 474.18024901940544}, "133": {"x": 535.9448756846512, "y": 547.8968537576117}, "134": {"x": 727.8114535109142, "y": 498.83367492347816}, "135": {"x": 460.5787262864012, "y": 387.05728140927056}, "136": {"x": 482.4623765192495, "y": 308.0354990634442}, "137": {"x": 291.3215448340863, "y": 408.5420464955132}, "138": {"x": 624.9819328745104, "y": 521.6145404096112}, "139": {"x": 689.3000931774657, "y": 709.7196957902061}, "140": {"x": 744.8780464395812, "y": 583.6119102316175}, "141": {"x": 382.0057774763185,