{"0": {"x": 331.3027746676328, "y": 251.55911248110846}, "1": {"x": 391.3926439006045, "y": 558.0657558045502}, "2": {"x": 712.5336571659748, "y": 357.8738464644914}, "3": {"x": 259.79555843374936, "y": 705.2632985367588}, "4": {"x": 437.7299514249114, "y": 542.9949934314907}, "5": {"x": 317.6793109391693, "y": 463.32664321693653}, "6": {"x": 540.0272345634024, "y": 687.4354083411877}, "7": {"x": 489.70233906540955, "y": 345.5377174362735}, "8": {"x": 558.4507800493936, "y": 548.1928472069183}, "9": {"x": 277.79066537847194, "y": 287.0396167516245}, "10": {"x": 275.7721765638392, "y": 734.2709761654583}, "11": {"x": 614.2448908322119, "y": 523.658399448541}, "12": {"x": 550.4575871927458, "y": 397.4763943400277}, "13": {"x": 575.5087493450735, "y": 455.99755016581446}, "14": {"x": 375.1998185163128, "y": 747.5657926576378}, "15": {"x": 647.9933807912989, "y": 643.1002075690067}, "16": {"x": 252.1905704791369, "y": 495.1800509876629}, "17": {"x": 495.0173672640998, "y": 744.6929617537842}, "18": {"x": 398.6900822237503, "y": 550.7942295369671}, "19": {"x": 669.6887107552304, "y": 654.707248238133}, "20": {"x": 251.73520471852922, "y": 359.5241216391218}, "21": {"x": 579.8380481291001, "y": 637.5689542480989}, "22": {"x": 601.8033864166089, "y": 613.1978008407858}, "23": {"x": 365.86499891155165, "y": 746.0816598062044}, "24": {"x": 651.2742995463627, "y": 624.2670902654262}, "25": {"x": 334.7495640661931, "y": 729.4605542880199}, "26": {"x": 379.8031087895164, "y": 430.07772226388823}, "27": {"x": 567.169215147945, "y": 266.70365865752933}, "28": {"x": 545.7676701416481, "y": 345.96472501150987}, "29": {"x": 623.6713882122406, "y": 541.0891128210285}, "30": {"x": 416.41111333760114, "y": 253.91913903940988}, "31": {"x": 480.8267631664537, "y": 494.5727831219094}, "32": {"x": 370.3226495437203, "y": 338.5918664020621}, "33": {"x": 293.6721223357995, "y": 519.4826669014931}, "34": {"x": 706.6501897859757, "y": 417.89972559567923}, "35": {"x": 714.724399043135, "y": 552.3200431629614}, "36": {"x": 420.99091004958467, "y": 551.8800153448702}, "37": {"x": 652.3057375093791, "y": 649.8499850149126}, "38": {"x": 729.0844602278777, "y": 628.7699626560643}, "39": {"x": 320.9263183783452, "y": 573.463512940976}, "40": {"x": 632.500401336445, "y": 290.3367323709124}, "41": {"x": 421.03177865892087, "y": 380.1510431940628}, "42": {"x": 550.1940795699294, "y": 589.1442450342877}, "43": {"x": 446.7638377061179, "y": 395.4433203293686}, "44": {"x": 388.28852238832906, "y": 364.24854610776606}, "45": {"x": 531.0049467682502, "y": 661.3397859869992}, "46": {"x": 389.72287973203373, "y": 461.54256922491106}, "47": {"x": 383.1048654340783, "y": 720.1896485999821}, "48": {"x": 657.4892734479165, "y": 687.4368100647517}, "49": {"x": 634.5278231119387, "y": 487.05082240160755}, "50": {"x": 495.40998530870604, "y": 491.32819492999033}, "51": {"x": 372.4904162597354, "y": 721.7942475419416}, "52": {"x": 659.6523460840494, "y": 515.3873368248135}, "53": {"x": 713.1215337194001, "y": 265.7734136616487}, "54": {"x": 480.43342728633604, "y": 572.0025057657199}, "55": {"x": 686.6586778228752, "y": 362.46141142003506}, "56": {"x": 512.5620394616448, "y": 535.9323512873655}, "57": {"x": 264.1179515984478, "y": 355.7384823585211}, "58": {"x": 492.4224227505613, "y": 495.3631309746187}, "59": {"x": 622.5671050784872, "y": 468.0922916048142}, "60": {"x": 253.75550495866167, "y": 442.6060668044165}, "61": {"x": 394.5606928540428, "y": 662.6882990352825}, "62": {"x": 693.5997149671635, "y": 522.7152183699864}, "63": {"x": 748.6512521213149, "y": 682.4828993314858}, "64": {"x": 327.37425802281086, "y": 680.3770916409519}, "65": {"x": 297.08125230081953, "y": 302.89951044912686}, "66": {"x": 642.485424569345, "y": 733.5932100208356}, "67": {"x": 529.9483904912627, "y": 737.9207307657391}, "68": {"x": 676.6319437778919, "y": 681.3116509058324}, "69": {"x": 575.1766465072336, "y": 634.1393943357184}, "70": {"x": 718.4880011058045, "y": 294.6671861806631}, "71": {"x": 353.9760987146814, "y": 555.4947777187592}, "72": {"x": 729.0214576485757, "y": 553.7700300325016}, "73": {"x": 644.3101629409409, "y": 385.68378289612895}, "74": {"x": 683.6260277830175, "y": 412.77495653597214}, "75": {"x": 252.90622531900098, "y": 690.3346524721516}, "76": {"x": 746.9179985052588, "y": 631.4642590713463}, "77": {"x": 737.8696762571861, "y": 381.1519845618079}, "78": {"x": 404.1082563078531, "y": 426.0534799020037}, "79": {"x": 700.7113706388577, "y": 322.908021323122}, "80": {"x": 530.4215006599827, "y": 655.387183464904}, "81": {"x": 367.79022070112205, "y": 501.77124351786495}, "82": {"x": 358.5713075039084, "y": 445.6032477044973}, "83": {"x": 733.8931576498978, "y": 441.65738491028003}, "84": {"x": 256.285025027957, "y": 383.3472599081167}, "85": {"x": 607.900722635942, "y": 668.4637016323195}, "86": {"x": 733.9986015163661, "y": 738.9610173505827}, "87": {"x": 306.3284158666814, "y": 384.55500068129555}, "88": {"x": 534.5275660832231, "y": 522.1148987590999}, "89": {"x": 270.38097234327256, "y": 440.4661265607324}, "90": {"x": 472.1451540055242, "y": 491.41496893750116}, "91": {"x": 500.97904859684513, "y": 584.9585765926022}, "92": {"x": 358.6319254831637, "y": 437.8675889218937}, "93": {"x": 395.1589454391185, "y": 337.30801783329343}, "94": {"x": 305.75264112243053, "y": 743.8473450799752}, "95": {"x": 385.00350297560306, "y": 636.9653897874978}, "96": {"x": 506.5366151903879, "y": 258.78377849664594}, "97": {"x": 598.9075103314585, "y": 628.0958609238372}, "98": {"x": 527.9409627957705, "y": 734.4155436514147}, "99": {"x": 612.1912717100652, "y": 359.53744885663303}, "100": {"x": 697.6103699594764, "y": 571.8182403561689}, "101": {"x": 700.7726761786864, "y": 409.237913061545}, "102": {"x": 660.9002135497584, "y": 299.02586596190486}, "103": {"x": 451.6766392728706, "y": 400.7672361843293}, "104": {"x": 457.40380790451235, "y": 311.3530567507709}, "105": {"x": 272.5793729917604, "y": 706.3721500339445}, "106": {"x": 441.80642039169834, "y": 479.82894907209993}, "107": {"x": 409.5072992111905, "y": 510.21395806965677}, "108": {"x": 346.3156601786237, "y": 296.9999678735345}, "109": {"x": 561.3541676069823, "y": 583.4991219872818}, "110": {"x": 627.2533289619928, "y": 330.0744966216819}, "111": {"x": 519.5056016910436, "y": 316.1179511138172}, "112": {"x": 382.29827924516024, "y": 600.7877728235469}, "113": {"x": 663.120499133544, "y": 384.6934923121309}, "114": {"x": 509.7934096372591, "y": 572.825082409826}, "115": {"x": 449.2555809360033, "y": 271.9509068950289}, "116": {"x": 375.4408277415525, "y": 514.0618165049815}, "117": {"x": 746.4192266281891, "y": 493.01105687935683}, "118": {"x": 718.0251082146697, "y": 673.3549897025882}, "119": {"x": 695.5428647128562, "y": 747.4620597893496}, "120": {"x": 662.9680181213132, "y": 733.2972807024889}, "121": {"x": 303.5851808705249, "y": 627.3944236587467}, "122": {"x": 697.5878427921103, "y": 624.6067447454943}, "123": {"x": 294.54873316192015, "y": 278.5256276047899}, "124": {"x": 715.9885640180489, "y": 352.4266476937804}, "125": {"x": 744.3821035113181, "y": 362.0660865489252}, "126": {"x": 566.0695704310529, "y": 415.2710982329654}, "127": {"x": 395.44992804129583, "y": 658.3015515701502}, "128": {"x": 271.64202767617786, "y": 349.0466870453615}, "129": {"x": 645.5590193456537, "y": 453.3782748549546}, "130": {"x": 385.25899371195055, "y": 491.27875153266496}, "131": {"x": 689.3361839438464, "y": 478.72523623994664}, "132": {"x": 433.4953293585946, "y": 732.3922935808663}, "133": {"x": 478.29987833070277, "y": 372.415866071056}, "134": {"x": 735.3195623555184, "y": 468.81952269762655}, "135": {"x": 451.31342103241644, "y": 343.94704220189743}, "136": {"x": 465.8074408986321, "y": 533.3666031600735}, "137": {"x": 648.4170792301545, "y": 597.0263214823751}, "138": {"x": 735.8759135687511, "y": 291.4585537727102}, "139": {"x": 278.0498650711262, "y": 327.4239768240562}, "140": {"x": 323.00561040487236, "y": 289.36881299183807},