{"0": {"x": 449.41177991656207, "y": 498.1011979914093}, "1": {"x": 523.7546447327064, "y": 458.2643244379783}, "2": {"x": 353.323563496781, "y": 631.55065148827}, "3": {"x": 690.7180676851024, "y": 300.0718605810589}, "4": {"x": 417.5234670715703, "y": 369.1159810893604}, "5": {"x": 251.1391428234817, "y": 552.4479383410351}, "6": {"x": 732.1860689270138, "y": 590.860407724515}, "7": {"x": 279.7146946160196, "y": 413.3744999878741}, "8": {"x": 601.7488572404461, "y": 419.35143326283867}, "9": {"x": 503.11132636339056, "y": 638.5195810871513}, "10": {"x": 748.4667170153631, "y": 429.29066868793996}, "11": {"x": 548.438172820697, "y": 726.9173809365991}, "12": {"x": 288.0317127215917, "y": 313.88988606582126}, "13": {"x": 744.2513253892345, "y": 599.6882437060997}, "14": {"x": 693.2888793298519, "y": 283.99080508443694}, "15": {"x": 305.31722265685784, "y": 645.5395125215011}, "16": {"x": 588.6243414039031, "y": 497.4136958118962}, "17": {"x": 488.1405739828757, "y": 293.2674129913865}, "18": {"x": 357.62435312848163, "y": 481.47134207602016}, "19": {"x": 452.32361480025, "y": 458.1739763569444}, "20": {"x": 404.89796364161987, "y": 325.39991138180267}, "21": {"x": 645.9904383923413, "y": 420.98213438077767}, "22": {"x": 478.40719695926, "y": 657.0513157302626}, "23": {"x": 260.4583977160893, "y": 361.3015754733078}, "24": {"x": 485.19517751149374, "y": 455.99362589457996}, "25": {"x": 357.54883208528366, "y": 646.0629622175175}, "26": {"x": 412.4004746140718, "y": 542.0936526620087}, "27": {"x": 299.19141364355056, "y": 272.5364781584332}, "28": {"x": 294.7037925173386, "y": 314.20642266462113}, "29": {"x": 677.518116891576, "y": 419.0546426331571}, "30": {"x": 418.26554214013663, "y": 708.4824924928917}, "31": {"x": 585.7103637242512, "y": 253.14430734442632}, "32": {"x": 469.6794946827223, "y": 595.7711272217186}, "33": {"x": 378.19813383692934, "y": 549.0591568006338}, "34": {"x": 511.3912524952368, "y": 644.2443057241719}, "35": {"x": 720.1215631644, "y": 679.3672577964458}, "36": {"x": 461.80018293874593, "y": 561.7501028351327}, "37": {"x": 307.58643300553626, "y": 668.2875105926971}, "38": {"x": 340.70503118856595, "y": 685.6546946786491}, "39": {"x": 684.295295235217, "y": 404.53206429234905}, "40": {"x": 606.6509897621158, "y": 746.4602453618272}, "41": {"x": 680.6464115699662, "y": 500.2915476561294}, "42": {"x": 520.2944959990134, "y": 680.5418018471435}, "43": {"x": 501.70717316270293, "y": 457.57375907296307}, "44": {"x": 463.95651097830284, "y": 261.79826353112685}, "45": {"x": 500.5013704482725, "y": 703.5469075767315}, "46": {"x": 551.4886081018524, "y": 715.9363701039415}, "47": {"x": 264.98118680332203, "y": 444.85660070496283}, "48": {"x": 367.7998837919524, "y": 351.4197898251319}, "49": {"x": 503.9721874907144, "y": 493.96558648129684}, "50": {"x": 573.2277627942769, "y": 674.9604668257757}, "51": {"x": 307.208346936672, "y": 258.7359076967171}, "52": {"x": 513.7528579430011, "y": 669.3185690908142}, "53": {"x": 668.8951670041184, "y": 359.3690230087694}, "54": {"x": 679.6247211174812, "y": 260.82826574158605}, "55": {"x": 601.561231664894, "y": 396.5583729930547}, "56": {"x": 378.7176834011809, "y": 541.5506292970191}, "57": {"x": 616.8517850127802, "y": 370.82146707168124}, "58": {"x": 376.2107426194768, "y": 378.48843913850595}, "59": {"x": 392.9710609802681, "y": 595.2348044704236}, "60": {"x": 534.0092808285569, "y": 727.7985798923751}, "61": {"x": 501.13995661823276, "y": 367.5273537290283}, "62": {"x": 689.2522117222268, "y": 323.76283427428933}, "63": {"x": 326.05760265087383, "y": 643.6727311560121}, "64": {"x": 284.15461407423606, "y": 607.3153472856382}, "65": {"x": 449.6997880298196, "y": 581.1834888113335}, "66": {"x": 648.3871641211524, "y": 570.2411393981164}, "67": {"x": 319.13760739888, "y": 593.671355525333}, "68": {"x": 298.2132474448574, "y": 613.5953625092209}, "69": {"x": 598.2094371433832, "y": 538.8946421727853}, "70": {"x": 282.9456821688709, "y": 739.6769559834472}, "71": {"x": 711.7510181716582, "y": 475.5902287667385}, "72": {"x": 451.4494936590643, "y": 515.4010243710461}, "73": {"x": 653.9123868676804, "y": 364.6436516273498}, "74": {"x": 443.37072399619166, "y": 737.6128464810054}, "75": {"x": 375.55410122413514, "y": 728.5702330402768}, "76": {"x": 580.93826916512, "y": 380.20901798344386}, "77": {"x": 622.7268450723527, "y": 532.7512033812404}, "78": {"x": 570.6068254254541, "y": 430.35329567987924}, "79": {"x": 263.7927076259339, "y": 567.0469183265113}, "80": {"x": 652.4666843039722, "y": 495.272781532826}, "81": {"x": 573.9150398315803, "y": 584.6402258944845}, "82": {"x": 674.4031112002534, "y": 454.4803927977886}, "83": {"x": 700.9326739216573, "y": 595.4977487429417}, "84": {"x": 403.9280058796138, "y": 556.8199579688992}, "85": {"x": 291.93228134112456, "y": 531.9306224110262}, "86": {"x": 394.54522836063586, "y": 477.08197199217204}, "87": {"x": 470.93035674094085, "y": 413.8849380895515}, "88": {"x": 257.5967108179058, "y": 651.3669325677389}, "89": {"x": 577.1834773965857, "y": 475.85336660229007}, "90": {"x": 565.3268873012964, "y": 450.28524469904374}, "91": {"x": 504.82668400294654, "y": 533.9312060855402}, "92": {"x": 426.82896872027703, "y": 292.01404736924434}, "93": {"x": 334.22976594811973, "y": 537.1882506956538}, "94": {"x": 458.49548236626975, "y": 709.9331402428886}, "95": {"x": 425.97956035169307, "y": 288.17032688067036}, "96": {"x": 570.6845660835181, "y": 474.17958127183834}, "97": {"x": 562.9408030737543, "y": 453.55599321807904}, "98": {"x": 591.7328993237908, "y": 322.4122566522895}, "99": {"x": 741.1041304332191, "y": 417.631541055437}, "100": {"x": 308.4036018252607, "y": 690.8254178424664}, "101": {"x": 281.98038080304116, "y": 522.6881538392242}, "102": {"x": 711.8567556487537, "y": 446.9252191692432}, "103": {"x": 493.93094201036746, "y": 721.5177968208718}, "104": {"x": 622.2613169214032, "y": 296.9816128950595}, "105": {"x": 468.9726502115848, "y": 543.1887269127153}, "106": {"x": 647.3839187567563, "y": 480.4322643925491}, "107": {"x": 488.80297708526314, "y": 730.4216447603667}, "108": {"x": 357.4479872200745, "y": 639.2390352934045}, "109": {"x": 478.66637875056904, "y": 536.8446386718003}, "110": {"x": 704.1584446360989, "y": 362.011137060417}, "111": {"x": 425.17433789322644, "y": 630.2351312969226}, "112": {"x": 435.6342879891464, "y": 362.32272793165595}, "113": {"x": 366.4154222554628, "y": 632.7012807496504}, "114": {"x": 446.3214907710428, "y": 735.5396044233584}, "115": {"x": 643.0147122764756, "y": 435.95813814740814}, "116": {"x": 692.415923199648, "y": 702.9841387077859}, "117": {"x": 689.4225291025173, "y": 583.9743621121133}, "118": {"x": 721.3321245544207, "y": 705.4669212813515}, "119": {"x": 605.9305639885747, "y": 401.3516170414942}, "120": {"x": 403.1243270250162, "y": 360.8826307761861}, "121": {"x": 623.2758836733625, "y": 666.3175772884381}, "122": {"x": 375.48152215628016, "y": 512.9061011125143}, "123": {"x": 710.0824539326027, "y": 357.71552443903784}, "124": {"x": 338.09481915307083, "y": 423.44377602818577}, "125": {"x": 583.2029930480417, "y": 735.4670364207293}, "126": {"x": 580.6912888183372, "y": 727.0953013769298}, "127": {"x": 659.34197347029, "y": 439.6079375559927}, "128": {"x": 694.5085448563954, "y": 250.6016686036764}, "129": {"x": 699.8867302669871, "y": 466.9184146974621}, "130": {"x": 320.1096627362523, "y": 477.2084072658739}}
