{"0": {"x": 585.9939114146018, "y": 502.6327557318019}, "1": {"x": 677.0322588170051, "y": 404.14516893900253}, "2": {"x": 539.6446531439204, "y": 334.03546368008176}, "3": {"x": 301.5755851269297, "y": 686.3255393431953}, "4": {"x": 737.8300070226376, "y": 255.34541941565925}, "5": {"x": 606.3336492668036, "y": 674.9582315073975}, "6": {"x": 715.5349755105974, "y": 380.8204239550504}, "7": {"x": 471.64402916058737, "y": 388.19695441991416}, "8": {"x": 661.5225844552826, "y": 292.4948897376514}, "9": {"x": 692.9554696409766, "y": 387.1347740434853}, "10": {"x": 382.87495544761487, "y": 410.94501011997784}, "11": {"x": 737.058015197171, "y": 345.05435503680786}, "12": {"x": 664.626225857576, "y": 534.5784035258807}, "13": {"x": 426.8115360636066, "y": 375.71611887984096}, "14": {"x": 271.5232805689126, "y": 261.9855103034541}, "15": {"x": 479.17634924993433, "y": 505.07047692702366}, "16": {"x": 622.8022280163204, "y": 310.7178627363794}, "17": {"x": 542.2928009947793, "y": 529.0577599886001}, "18": {"x": 401.55561531672197, "y": 423.70281445677716}, "19": {"x": 564.556393913839, "y": 611.1165283026871}, "20": {"x": 482.40570715178023, "y": 378.78771170800314}, "21": {"x": 568.7410901646447, "y": 636.3024869000733}, "22": {"x": 318.1105546393221, "y": 423.2644907925187}, "23": {"x": 415.1740637452708, "y": 487.95361529569004}, "24": {"x": 622.1268552922377, "y": 456.4070809837589}, "25": {"x": 724.6151567562439, "y": 511.87713677796336}, "26": {"x": 438.46397959738624, "y": 563.8633111614702}, "27": {"x": 435.659944642498, "y": 303.03503525192207}, "28": {"x": 266.0856047352885, "y": 476.8583497996775}, "29": {"x": 301.58964098858775, "y": 632.3884144103197}, "30": {"x": 498.2677794159014, "y": 340.01387400398664}, "31": {"x": 492.97755996267665, "y": 363.38573829698913}, "32": {"x": 299.8476689944773, "y": 415.2097309828722}, "33": {"x": 324.93543865436163, "y": 741.0640743785536}, "34": {"x": 741.1008961169312, "y": 449.2193733091789}, "35": {"x": 386.5770348898917, "y": 283.34931207063033}, "36": {"x": 496.5745542965816, "y": 273.01348808772815}, "37": {"x": 668.5726354401331, "y": 386.89547823023713}, "38": {"x": 484.52471930491737, "y": 386.51161453063327}, "39": {"x": 592.4279967895458, "y": 366.99152576482453}, "40": {"x": 686.5637793933442, "y": 732.7884283226896}, "41": {"x": 652.4668331888288, "y": 474.44570990812485}, "42": {"x": 635.1111847581446, "y": 396.5921035973531}, "43": {"x": 476.71851100921674, "y": 322.8550626557244}, "44": {"x": 644.1766083979776, "y": 406.7010303268614}, "45": {"x": 660.7030422085131, "y": 554.6665424798884}, "46": {"x": 536.4008985398802, "y": 653.0316260844976}, "47": {"x": 334.2774831632385, "y": 406.2377496130564}, "48": {"x": 445.8391087818873, "y": 614.0201641927608}, "49": {"x": 452.8603468796347, "y": 710.6433173236471}, "50": {"x": 708.5156908171889, "y": 299.1697182664212}, "51": {"x": 288.4732629330873, "y": 542.3783145119284}, "52": {"x": 379.22448368780937, "y": 701.4550828684037}, "53": {"x": 382.2372378669369, "y": 282.47313218938865}, "54": {"x": 727.588590359071, "y": 431.39389509473426}, "55": {"x": 427.31783688223754, "y": 638.1228812399245}, "56": {"x": 436.09232927411165, "y": 629.0637543740196}, "57": {"x": 454.74961850176766, "y": 479.7857971260578}, "58": {"x": 712.2229739175993, "y": 747.2638381191734}, "59": {"x": 699.3422018372971, "y": 382.307775642704}, "60": {"x": 540.5920315385395, "y": 499.395455265924}, "61": {"x": 309.2934677303549, "y": 691.6212540380691}, "62": {"x": 345.94545223393965, "y": 439.5102761881477}, "63": {"x": 639.1048475315486, "y": 401.7073702800875}, "64": {"x": 418.75942930641406, "y": 409.84242896220945}, "65": {"x": 390.9284954139735, "y": 672.6594873442267}, "66": {"x": 350.0941839289033, "y": 547.4662502345584}, "67": {"x": 643.7517753564451, "y": 277.8063043232537}, "68": {"x": 731.0307250623573, "y": 584.8036984395883}, "69": {"x": 564.8493110085174, "y": 379.672703453675}, "70": {"x": 609.0538119088915, "y": 338.5423035534186}, "71": {"x": 396.18182364984375, "y": 682.8811785108624}, "72": {"x": 653.6849703399519, "y": 574.9147367351097}, "73": {"x": 599.4344023461349, "y": 697.205291364013}, "74": {"x": 673.0795785591104, "y": 416.24088382383616}, "75": {"x": 439.7069460370474, "y": 615.3048612043715}, "76": {"x": 656.2319604353984, "y": 545.8270988203965}, "77": {"x": 626.4880074072863, "y": 474.7372302953731}, "78": {"x": 290.14833400298903, "y": 262.21707598384944}, "79": {"x": 491.96986924213945, "y": 698.616548962055}, "80": {"x": 642.9229512621044, "y": 648.1847092764942}, "81": {"x": 420.9907994340522, "y": 383.58513987634933}, "82": {"x": 619.5509462301084, "y": 503.51619806863334}, "83": {"x": 514.6164493384181, "y": 691.3860746389728}, "84": {"x": 723.3566184698566, "y": 636.1118339664761}, "85": {"x": 647.7247269491792, "y": 619.7719282685508}, "86": {"x": 356.5121541785349, "y": 545.3614267307323}, "87": {"x": 687.1638355353384, "y": 455.1919380940745}, "88": {"x": 718.3756182018727, "y": 665.1564744786722}, "89": {"x": 390.0956937099297, "y": 702.126233512326}, "90": {"x": 646.1851928823189, "y": 697.3507038838693}, "91": {"x": 310.3736536725272, "y": 703.9450757014819}, "92": {"x": 455.3034732156531, "y": 399.2045449027752}, "93": {"x": 586.8854661450858, "y": 510.5447272192422}, "94": {"x": 318.70402172369165, "y": 479.77337006093234}, "95": {"x": 743.3503552539878, "y": 538.2727131579829}, "96": {"x": 469.744566789228, "y": 488.09778788867413}, "97": {"x": 528.9196626998673, "y": 402.31373345718123}, "98": {"x": 607.3297031957125, "y": 460.77974539304887}, "99": {"x": 463.5789929675119, "y": 508.46913504808055}, "100": {"x": 373.23730290857105, "y": 514.7753349500995}, "101": {"x": 602.3713644320444, "y": 747.9163349839158}, "102": {"x": 484.1311032843023, "y": 264.5761227894499}, "103": {"x": 292.6715636277138, "y": 458.26541321304194}, "104": {"x": 593.4272190920719, "y": 355.79071270146403}, "105": {"x": 294.39784230056324, "y": 438.3290834386224}, "106": {"x": 653.1504266884322, "y": 534.0881394511737}, "107": {"x": 514.8406601881313, "y": 708.6111914289213}, "108": {"x": 347.4872380846333, "y": 473.8898161589041}, "109": {"x": 705.87339343025, "y": 682.7156390638636}, "110": {"x": 412.46274601471214, "y": 291.96896626362343}, "111": {"x": 696.7685626169787, "y": 448.53261910866297}, "112": {"x": 327.9898678970277, "y": 304.0167376134011}, "113": {"x": 264.4954415977759, "y": 665.9707056693728}, "114": {"x": 298.756472998925, "y": 379.82994271046954}, "115": {"x": 573.1748286551085, "y": 393.0008906695722}, "116": {"x": 477.4381959685439, "y": 531.1789460035284}, "117": {"x": 409.0419682563668, "y": 274.0170108535245}, "118": {"x": 462.16237289115645, "y": 292.67643609854304}, "119": {"x": 623.159295847534, "y": 710.6796041925163}, "120": {"x": 431.1426702159654, "y": 265.7324307340929}, "121": {"x": 632.0140747897594, "y": 556.373364461652}, "122": {"x": 260.1099565528583, "y": 492.19549572492383}, "123": {"x": 445.77539173910253, "y": 416.5312373085679}, "124": {"x": 263.5429798927821, "y": 584.1865504715684}, "125": {"x": 325.6585907894864, "y": 468.761713833833}, "126": {"x": 524.9689350735337, "y": 409.08998561471793}, "127": {"x": 584.9562397002237, "y": 590.1184416028908}, "128": {"x": 696.5378909837857, "y": 563.5304085276513}, "129": {"x": 596.9233620679131, "y": 745.1027163777646}, "130": {"x": 601.0016647345794, "y": 483.3219003830198}, "131": {"x": 691.5061743780757, "y": 728.437809181376}, "132": {"x": 320.28142831197397, "y": 438.91278868872166}, "133": {"x": 585.1101261987963, "y": 693.2448408453587}, "134": {"x": 364.14197829991446, "y": 534.6032522785929}, "135": {"x": 613.9340206535483, "y": 556.8721111157566}, "136": {"x": 629.0919973105877, "y": 451.3674273296335}, "137": {"x": 695.0186135380986, "y": 544.1247302108723}, "138": {"x": 659.2071951021131, "y": 355.7272131093376}, "139": {"x": 739.1290836087901, "y": 649.8517907913208}, "140": {"x": 705.1370889791431, "y": 386.9525041127223},