{"0": {"x": 628.2059262307118, "y": 749.4397679866396}, "1": {"x": 440.9317876432764, "y": 570.6248043583273}, "2": {"x": 492.57061074441754, "y": 418.1840872557585}, "3": {"x": 367.7250548673013, "y": 734.7053051796552}, "4": {"x": 294.94940011712765, "y": 590.6883449819347}, "5": {"x": 469.20075362273246, "y": 353.69342812694833}, "6": {"x": 727.0025161439794, "y": 281.51007529369724}, "7": {"x": 436.08045689560413, "y": 286.6273121812535}, "8": {"x": 566.0836374918028, "y": 250.89426718954937}, "9": {"x": 463.1371911361179, "y": 703.712520250921}, "10": {"x": 413.3371552090248, "y": 279.52696131251537}, "11": {"x": 650.9130503438499, "y": 465.6548189742017}, "12": {"x": 720.7583486457621, "y": 383.6505031345047}, "13": {"x": 550.9073059498182, "y": 689.0217352816178}, "14": {"x": 625.0164410850181, "y": 558.5611139684779}, "15": {"x": 659.577505684934, "y": 439.57001130109103}, "16": {"x": 618.1300678182579, "y": 672.2271567227767}, "17": {"x": 552.7088824726134, "y": 407.5313898097113}, "18": {"x": 623.2867085836361, "y": 447.16672448239194}, "19": {"x": 471.1742739843222, "y": 713.5153324780354}, "20": {"x": 532.124741069357, "y": 432.59053950819504}, "21": {"x": 431.85129899161194, "y": 682.5835338130807}, "22": {"x": 355.84820058085484, "y": 536.6525509618336}, "23": {"x": 564.953983657852, "y": 649.4668608391787}, "24": {"x": 282.26163233770876, "y": 367.60762779489244}, "25": {"x": 396.00614912091555, "y": 255.37446068526427}, "26": {"x": 635.1776646044182, "y": 661.1367969918069}, "27": {"x": 375.8315434698136, "y": 407.40186065701266}, "28": {"x": 621.5754908560294, "y": 378.2623927187808}, "29": {"x": 749.0036830919017, "y": 361.9690576853422}, "30": {"x": 412.6957273327763, "y": 642.77992886172}, "31": {"x": 671.254891350066, "y": 467.10624010157744}, "32": {"x": 510.5991731541544, "y": 713.5738578891056}, "33": {"x": 384.4129757109414, "y": 696.6638476184789}, "34": {"x": 697.3582301910225, "y": 713.8454456072034}, "35": {"x": 602.2416647283871, "y": 295.8937959086341}, "36": {"x": 728.7859740057271, "y": 728.6951495115958}, "37": {"x": 714.4328280992108, "y": 640.2788348596309}, "38": {"x": 599.5053834871466, "y": 341.988239591423}, "39": {"x": 496.07045817818516, "y": 575.3112008546207}, "40": {"x": 666.7178774670397, "y": 389.92791882198514}, "41": {"x": 502.9501957749176, "y": 658.1026537441401}, "42": {"x": 645.8814606755736, "y": 582.5402701040433}, "43": {"x": 584.0748884829649, "y": 631.6411752760418}, "44": {"x": 692.6060311562026, "y": 257.1454589777095}, "45": {"x": 493.5579431963748, "y": 311.14790322365997}, "46": {"x": 662.5486223725718, "y": 721.8069732206361}, "47": {"x": 748.4252229427989, "y": 606.7117732900658}, "48": {"x": 540.5736493751049, "y": 747.5553175253438}, "49": {"x": 436.13368726955946, "y": 317.41462816509346}, "50": {"x": 430.1652616322713, "y": 638.4306833912677}, "51": {"x": 298.26905933614006, "y": 722.9943830862762}, "52": {"x": 589.6115549187429, "y": 370.5445398132623}, "53": {"x": 256.92129768463303, "y": 251.12710792477998}, "54": {"x": 432.07940021399105, "y": 382.9445834940666}, "55": {"x": 327.8029167848815, "y": 674.1756563228467}, "56": {"x": 372.47973236261595, "y": 528.9227278584758}, "57": {"x": 474.12983594367296, "y": 740.5614573796885}, "58": {"x": 590.0886723245236, "y": 493.0190739128619}, "59": {"x": 384.94630833826983, "y": 440.712693632878}, "60": {"x": 355.61166462570503, "y": 602.7651732347529}, "61": {"x": 442.21932405880057, "y": 390.50735621196486}, "62": {"x": 630.5480934580908, "y": 629.4505313874043}, "63": {"x": 618.9856338147342, "y": 459.31900705733574}, "64": {"x": 452.39872886260525, "y": 462.3755216276671}, "65": {"x": 408.1754520723901, "y": 304.86697417813707}, "66": {"x": 344.5349227524945, "y": 742.6289876562232}, "67": {"x": 724.6773009226196, "y": 410.8592619657626}, "68": {"x": 714.052774310645, "y": 590.8991367138669}, "69": {"x": 540.24207656264, "y": 407.6792385444759}, "70": {"x": 593.9387858925497, "y": 272.019754103373}, "71": {"x": 567.9442098514534, "y": 723.0157145193664}, "72": {"x": 655.0468826973672, "y": 519.0648997879043}, "73": {"x": 399.8983434651127, "y": 634.8468799184403}, "74": {"x": 503.0464618320764, "y": 709.1532823880123}, "75": {"x": 552.8950632931053, "y": 369.98842312985926}, "76": {"x": 612.3778978113105, "y": 432.42755098033996}, "77": {"x": 282.99310456740164, "y": 365.0364898941733}, "78": {"x": 528.8509564081987, "y": 509.571634509305}, "79": {"x": 739.8329251314252, "y": 282.8755679065114}, "80": {"x": 691.6798390130543, "y": 368.3022071707702}, "81": {"x": 469.5279460073366, "y": 569.0054914755762}, "82": {"x": 629.0166684990643, "y": 254.89938751451874}, "83": {"x": 574.9167633815601, "y": 579.7615151336971}, "84": {"x": 537.7368820412705, "y": 394.2759238168645}, "85": {"x": 416.87123674642055, "y": 353.36263083636595}, "86": {"x": 622.7368737218546, "y": 379.0556724558239}, "87": {"x": 474.18074700531514, "y": 669.2603391629034}, "88": {"x": 630.8616264447539, "y": 393.2868165487224}, "89": {"x": 529.0357468674804, "y": 639.8607785642805}, "90": {"x": 745.988758090808, "y": 561.7963577365927}, "91": {"x": 639.5970668125755, "y": 362.35562209931055}, "92": {"x": 311.4629627432505, "y": 444.79282017441506}, "93": {"x": 611.7457916319228, "y": 296.4436395537243}, "94": {"x": 271.2067003088025, "y": 698.8094679142324}, "95": {"x": 615.6285860738792, "y": 531.3077461888604}, "96": {"x": 301.4477488660103, "y": 658.2501190624838}, "97": {"x": 734.094426673057, "y": 565.4338161531365}, "98": {"x": 721.0439936208693, "y": 275.0254813228325}, "99": {"x": 445.0957759664609, "y": 648.2704995383572}, "100": {"x": 293.99212653433915, "y": 618.9454262604525}, "101": {"x": 473.66971563339195, "y": 563.3411180075925}, "102": {"x": 532.6089680377969, "y": 696.8690037310644}, "103": {"x": 476.23279553893417, "y": 607.8884884082895}, "104": {"x": 448.70990590862084, "y": 329.44869031506204}, "105": {"x": 316.5397402606586, "y": 488.2633605458615}, "106": {"x": 283.656998694387, "y": 378.4800661122921}, "107": {"x": 330.4736835414463, "y": 747.4186788804628}, "108": {"x": 559.165804113612, "y": 689.8184295010716}, "109": {"x": 382.57366224273244, "y": 640.3177988634683}, "110": {"x": 685.1156306508497, "y": 744.268384377624}, "111": {"x": 348.20247709432806, "y": 598.4115577295506}, "112": {"x": 262.4442319021469, "y": 615.63749415465}, "113": {"x": 553.4661536333283, "y": 427.07957825963297}, "114": {"x": 296.51288111974736, "y": 656.129469846561}, "115": {"x": 616.3459428124214, "y": 504.03486377034085}, "116": {"x": 318.7370921069829, "y": 395.48002783561355}, "117": {"x": 261.68258266591283, "y": 257.5469683059792}, "118": {"x": 631.9591942706352, "y": 274.2526859989915}, "119": {"x": 406.49962074930596, "y": 416.2634911869467}, "120": {"x": 564.167828984031, "y": 604.4772799980747}, "121": {"x": 586.2528723274334, "y": 487.54943579750284}, "122": {"x": 562.7403843568263, "y": 270.41603053109924}, "123": {"x": 610.4579192270013, "y": 340.56479617966073}, "124": {"x": 262.5464452762925, "y": 706.8653290086837}, "125": {"x": 727.6420513902813, "y": 630.85961610345}, "126": {"x": 373.0709490017208, "y": 346.2404647873147}, "127": {"x": 667.7815827869196, "y": 619.762343049724}, "128": {"x": 366.57418484035964, "y": 583.9850991696303}, "129": {"x": 376.71335808593517, "y": 699.2210778230511}, "130": {"x": 549.1348607054238, "y": 639.6035065124024}, "131": {"x": 430.6994596945226, "y": 613.6097717568988}, "132": {"x": 438.63015347542006, "y": 372.9622122733384}, "133": {"x": 625.5052555745727, "y": 252.30197331749127}, "134": {"x": 319.48233706212534, "y": 547.681954091052}, "135": {"x": 730.2455969811492, "y": 505.29317819476637}, "136": {"x": 653.5685313327969, "y": 456.90143507927723}, "137": {"x": 635.2171114082304, "y": 724.9970760147162}, "138": {"x": 548.3203349299006, "y": 426.1204091480041}, "139": {"x": 648.091080675664, "y": 368.6836093927063}, "140": {"x": 727.4492772168978, "y": 439.4913952668022}, "141": {"x": 672.6760558358164,