{"0": {"x": 455.3832952829206, "y": 460.79875891262066}, "1": {"x": 298.1122256110726, "y": 412.000540917663}, "2": {"x": 302.441226414676, "y": 477.78838137382377}, "3": {"x": 690.9446434646352, "y": 591.5339056386115}, "4": {"x": 490.98924127963915, "y": 505.62518649198296}, "5": {"x": 403.68703712729894, "y": 298.92711480318565}, "6": {"x": 421.6298144251718, "y": 416.90910502122495}, "7": {"x": 419.3781333713305, "y": 303.4117035407763}, "8": {"x": 539.4903030759565, "y": 290.0886947982599}, "9": {"x": 741.5840110829029, "y": 450.3521209705418}, "10": {"x": 717.8466271767568, "y": 597.5811227332767}, "11": {"x": 547.1925574472098, "y": 528.9434271490197}, "12": {"x": 600.2904575963562, "y": 336.0708483561357}, "13": {"x": 684.8899737551083, "y": 550.3401386340634}, "14": {"x": 470.6935384429963, "y": 508.12820407343776}, "15": {"x": 288.9648527251278, "y": 375.5913675372487}, "16": {"x": 512.8718998848625, "y": 278.7841860990971}, "17": {"x": 288.27624412427076, "y": 521.5414188496619}, "18": {"x": 581.6273234024009, "y": 347.0941668799094}, "19": {"x": 310.78024169210653, "y": 727.8384285154652}, "20": {"x": 679.7919490236915, "y": 491.93535587377676}, "21": {"x": 520.6994252947318, "y": 313.9044503159233}, "22": {"x": 348.7344692761736, "y": 483.8710992161209}, "23": {"x": 519.8053591598798, "y": 517.272738960618}, "24": {"x": 307.39907218250323, "y": 515.8062350346083}, "25": {"x": 352.01667708191883, "y": 522.6298811100598}, "26": {"x": 375.4458183650235, "y": 469.7605648997623}, "27": {"x": 581.5696014539765, "y": 479.8135801597773}, "28": {"x": 289.8342473544838, "y": 671.3093408828325}, "29": {"x": 548.4869737521519, "y": 637.0464948471003}, "30": {"x": 636.0431430646684, "y": 733.3918071644317}, "31": {"x": 445.8831917594795, "y": 587.0504788587066}, "32": {"x": 563.8183324821313, "y": 490.2558285943933}, "33": {"x": 660.6003433899241, "y": 250.7561728317867}, "34": {"x": 652.1905654728951, "y": 484.6588768699305}, "35": {"x": 466.3205723687545, "y": 251.69836359989174}, "36": {"x": 406.4698473845491, "y": 449.39130632604065}, "37": {"x": 513.1231086711673, "y": 596.5587055736667}, "38": {"x": 373.68391567178634, "y": 329.9673103246042}, "39": {"x": 530.9383925159373, "y": 408.1495290159086}, "40": {"x": 580.6076353521364, "y": 430.90391699606516}, "41": {"x": 254.56782199404088, "y": 457.6239915645542}, "42": {"x": 537.6877385142307, "y": 646.7598515057502}, "43": {"x": 612.343652329627, "y": 549.8675213514139}, "44": {"x": 684.7208145678858, "y": 666.7157753704221}, "45": {"x": 528.6455201370911, "y": 475.39276924620424}, "46": {"x": 414.13715395812676, "y": 439.6319633753827}, "47": {"x": 350.27678828159026, "y": 553.3978700027583}, "48": {"x": 627.9918198980132, "y": 286.6135030031437}, "49": {"x": 279.6695670976911, "y": 496.85193511279294}, "50": {"x": 284.2845506000109, "y": 593.5207324564851}, "51": {"x": 406.30722831730395, "y": 567.9729315289741}, "52": {"x": 683.4477268182914, "y": 635.3692302700754}, "53": {"x": 550.5397508573662, "y": 543.0096817601057}, "54": {"x": 421.6732109774169, "y": 445.6643505971793}, "55": {"x": 550.2103393127733, "y": 325.9703339678168}, "56": {"x": 507.1309725221869, "y": 584.0100157312997}, "57": {"x": 567.665549862116, "y": 522.9006684824989}, "58": {"x": 566.3768959172558, "y": 661.4349785414665}, "59": {"x": 492.2381377141222, "y": 414.8290901579901}, "60": {"x": 565.21506456821, "y": 406.4556166267083}, "61": {"x": 707.8037510096613, "y": 569.2059580793909}, "62": {"x": 541.0674873301878, "y": 465.14375852302425}, "63": {"x": 542.2552997425269, "y": 701.3319240146212}, "64": {"x": 711.0811869993289, "y": 280.20488789414577}, "65": {"x": 331.21685341667876, "y": 590.0740382338931}, "66": {"x": 461.9308330283742, "y": 638.8787357443961}, "67": {"x": 676.2272398444843, "y": 533.1312067792123}, "68": {"x": 634.8583899697139, "y": 720.2327089623542}, "69": {"x": 734.3640900159271, "y": 495.62949239108224}, "70": {"x": 302.04721695146014, "y": 288.94129305119765}, "71": {"x": 721.658478331485, "y": 454.81591286687893}, "72": {"x": 372.1742941654628, "y": 503.50807471717457}, "73": {"x": 327.8978759626752, "y": 747.3308112263869}, "74": {"x": 749.7522565010438, "y": 593.3265719079659}, "75": {"x": 406.5714248345501, "y": 483.3826921997472}, "76": {"x": 724.3513728231455, "y": 726.8699123128549}, "77": {"x": 521.0623865895291, "y": 662.0408123006086}, "78": {"x": 567.359957995454, "y": 436.6803846846061}, "79": {"x": 547.6159575361312, "y": 269.86138511811924}, "80": {"x": 662.8924936773724, "y": 708.9819588359512}, "81": {"x": 721.5436237391298, "y": 252.29586947805322}, "82": {"x": 284.6693046613937, "y": 418.5548160591984}, "83": {"x": 282.1077414712087, "y": 388.5415458433804}, "84": {"x": 674.1209875806182, "y": 538.6768411830524}, "85": {"x": 459.28481793767355, "y": 524.8503482836774}, "86": {"x": 502.1226967064663, "y": 343.94004703381984}, "87": {"x": 552.5451201172682, "y": 510.64776964486276}, "88": {"x": 584.2116327401357, "y": 636.3237626710252}, "89": {"x": 449.2721172556519, "y": 457.14435874749444}, "90": {"x": 490.7362394626346, "y": 370.16592256658106}, "91": {"x": 380.7111352075841, "y": 409.22765118922973}, "92": {"x": 295.3475165487353, "y": 728.3474728618442}, "93": {"x": 385.0859363625864, "y": 565.164862438345}, "94": {"x": 721.7272743578867, "y": 431.776087884478}, "95": {"x": 745.4392122298452, "y": 360.8031518059556}, "96": {"x": 328.20648389249254, "y": 681.8657936518016}, "97": {"x": 367.45234960570326, "y": 300.84582744313485}, "98": {"x": 701.1796345739535, "y": 427.45598222126875}, "99": {"x": 319.68254976307196, "y": 291.7461496928765}, "100": {"x": 325.6736203017714, "y": 441.6648184875361}, "101": {"x": 597.4498128593284, "y": 463.89448799089996}, "102": {"x": 353.48562845906997, "y": 430.5162779131008}, "103": {"x": 372.548527310242, "y": 620.6998638201042}, "104": {"x": 328.4582987755091, "y": 555.7760633172626}, "105": {"x": 415.9782538939992, "y": 678.1153589040297}, "106": {"x": 706.7410487485106, "y": 575.0061510568038}, "107": {"x": 441.72021921896663, "y": 515.538818633647}, "108": {"x": 720.7927188191292, "y": 713.0940604913025}, "109": {"x": 626.8904753781811, "y": 716.8643661017891}, "110": {"x": 624.1929447347718, "y": 699.4876115948648}, "111": {"x": 320.107773715021, "y": 683.7055204527835}, "112": {"x": 250.67861116244515, "y": 318.5563097238631}, "113": {"x": 280.6993451057097, "y": 644.3703485880314}, "114": {"x": 302.41988693254604, "y": 749.2743358873233}, "115": {"x": 595.0922270321323, "y": 541.9177973243848}, "116": {"x": 596.027750885499, "y": 505.341441123521}, "117": {"x": 591.1620253986907, "y": 567.9338581829086}, "118": {"x": 344.6125345102764, "y": 623.5408451424528}, "119": {"x": 304.74922672307696, "y": 253.7886306345854}, "120": {"x": 642.4188315947788, "y": 625.655016953911}, "121": {"x": 536.6469134625388, "y": 526.4449166082663}, "122": {"x": 663.617453948576, "y": 663.1431386003475}, "123": {"x": 616.3232527836417, "y": 364.31114634019616}, "124": {"x": 658.77325700238, "y": 622.9514673564229}, "125": {"x": 695.1200181577938, "y": 504.35633138000526}, "126": {"x": 704.1723814505261, "y": 605.2983599985632}, "127": {"x": 279.09634389412946, "y": 536.2037951123145}, "128": {"x": 404.6457671323387, "y": 441.02428251983497}, "129": {"x": 399.00286016268353, "y": 456.5190701144353}, "130": {"x": 550.2942656577603, "y": 462.54544466440154}, "131": {"x": 404.5362941593118, "y": 539.7144060289029}, "132": {"x": 565.1450724963038, "y": 432.08436480654956}, "133": {"x": 594.5541357399297, "y": 296.6919517560766}, "134": {"x": 542.9684311215321, "y": 526.0147027782937}, "135": {"x": 288.5622079046479, "y": 397.2545980585405}, "136": {"x": 331.5602075527446, "y": 619.4742820287927}, "137": {"x": 618.853825409609, "y": 673.5635074468653}, "138": {"x": 673.9585176397661, "y": 498.1054756465611}, "139": {"x": 339.1586559358442, "y": 670.225814243548}, "140": {"x": 699.2165735078466, "y": 391.7716295664942}, "141": {"x": 457.0236952529663,