{"0": {"x": 495.6074353950006, "y": 627.9082646051688}, "1": {"x": 427.35752782914267, "y": 508.6846980915288}, "2": {"x": 527.802985076488, "y": 720.1854408958505}, "3": {"x": 457.4087571358398, "y": 492.75208980067566}, "4": {"x": 709.2672474648687, "y": 613.0629307038507}, "5": {"x": 253.78044957102165, "y": 350.57083774876185}, "6": {"x": 338.1579329379251, "y": 524.2489821277466}, "7": {"x": 676.9311400477668, "y": 651.0696378212608}, "8": {"x": 385.4773216470182, "y": 445.8607167082554}, "9": {"x": 631.7122153629767, "y": 443.4622930093853}, "10": {"x": 503.4648183212575, "y": 644.0360841408958}, "11": {"x": 647.48617706556, "y": 285.423772004348}, "12": {"x": 494.3769886533523, "y": 658.4589762864595}, "13": {"x": 574.6672326900969, "y": 308.60906855690814}, "14": {"x": 706.8915286710944, "y": 380.7268806128736}, "15": {"x": 680.0619095860878, "y": 689.6358173789926}, "16": {"x": 264.3900439953389, "y": 422.0669087637083}, "17": {"x": 393.3692522524916, "y": 376.55195446923574}, "18": {"x": 483.0973491877479, "y": 273.1581970105731}, "19": {"x": 733.5075698265489, "y": 588.8589689643204}, "20": {"x": 433.57226783195017, "y": 372.5192935329248}, "21": {"x": 330.82979997491327, "y": 500.4447270329888}, "22": {"x": 720.0800965751149, "y": 612.7702591329858}, "23": {"x": 718.1455098665581, "y": 260.2193658230234}, "24": {"x": 620.6156060041371, "y": 731.8395654647046}, "25": {"x": 543.7540818344453, "y": 314.8802244395594}, "26": {"x": 580.8822774718028, "y": 704.6807560148009}, "27": {"x": 383.47974413440977, "y": 704.0257144728614}, "28": {"x": 349.7694069804869, "y": 688.3878604403301}, "29": {"x": 721.8690273569946, "y": 641.9860017163817}, "30": {"x": 423.6469411400545, "y": 460.9855465246226}, "31": {"x": 747.707766974102, "y": 656.8653968814494}, "32": {"x": 357.12074828442366, "y": 464.63700627373106}, "33": {"x": 353.59236412235106, "y": 630.7200649195026}, "34": {"x": 552.9470732073203, "y": 403.83113707415936}, "35": {"x": 618.0602796141129, "y": 279.046158838106}, "36": {"x": 716.2251063215979, "y": 744.6746152563263}, "37": {"x": 461.6419989577512, "y": 744.8005914343225}, "38": {"x": 691.7263415721501, "y": 272.46478534949705}, "39": {"x": 324.6312807151981, "y": 610.3533603150354}, "40": {"x": 488.6314943434872, "y": 640.9193254512427}, "41": {"x": 493.60676588215745, "y": 662.4256418799177}, "42": {"x": 374.1406110294518, "y": 699.2371611822559}, "43": {"x": 271.96667363753744, "y": 590.3324861970722}, "44": {"x": 571.9596110554139, "y": 425.39064277811053}, "45": {"x": 260.7106592674291, "y": 635.1405608826719}, "46": {"x": 374.01169697703654, "y": 363.14616251525746}, "47": {"x": 728.0333989445883, "y": 406.4749501562821}, "48": {"x": 329.92896842833176, "y": 590.0171731226803}, "49": {"x": 651.1600115203694, "y": 586.2936934713391}, "50": {"x": 341.7866134252949, "y": 674.4491543229585}, "51": {"x": 302.7316914976618, "y": 514.194164734522}, "52": {"x": 743.4043258080003, "y": 409.5319831256835}, "53": {"x": 661.9770391762252, "y": 367.5791865456246}, "54": {"x": 477.82443826325783, "y": 510.26386196160945}, "55": {"x": 298.01832591831624, "y": 268.2519919185287}, "56": {"x": 692.0688291632362, "y": 522.1572783115399}, "57": {"x": 493.7602406271046, "y": 575.8491348007885}, "58": {"x": 381.78127582659636, "y": 564.6108819150217}, "59": {"x": 704.6929994148919, "y": 488.650763723153}, "60": {"x": 664.4740514351952, "y": 576.7598677562933}, "61": {"x": 380.38637050160406, "y": 695.7876276701344}, "62": {"x": 538.9451573330998, "y": 270.0208162026513}, "63": {"x": 316.9890284644922, "y": 306.2368733088054}, "64": {"x": 707.02837360063, "y": 399.4014932420565}, "65": {"x": 320.835835177101, "y": 476.72696562560975}, "66": {"x": 739.6575095100843, "y": 717.8152483132897}, "67": {"x": 371.1843096025805, "y": 431.47246303832924}, "68": {"x": 616.8011509782231, "y": 569.2359500807056}, "69": {"x": 376.68891093375447, "y": 631.6449086424971}, "70": {"x": 293.47434150591437, "y": 256.1739150259726}, "71": {"x": 611.22477172453, "y": 529.9340891352705}, "72": {"x": 465.65598742765945, "y": 407.1008645276093}, "73": {"x": 675.1008829887676, "y": 320.8529100770502}, "74": {"x": 420.8703554729569, "y": 307.56433466543467}, "75": {"x": 669.9808912736003, "y": 408.86078556201187}, "76": {"x": 688.8569446000931, "y": 725.5245267848037}, "77": {"x": 714.0013287232016, "y": 449.03367252643517}, "78": {"x": 592.0320020967367, "y": 449.11442208560834}, "79": {"x": 371.6869890341836, "y": 574.6839288010958}, "80": {"x": 256.374279321409, "y": 426.4126627531265}, "81": {"x": 719.8257723418972, "y": 524.7832285218421}, "82": {"x": 529.9810328496304, "y": 353.7064304429183}, "83": {"x": 379.6113059666309, "y": 713.5246668743662}, "84": {"x": 510.12926544495446, "y": 729.278117346964}, "85": {"x": 310.64484366576835, "y": 404.7241227058921}, "86": {"x": 540.2336109572932, "y": 636.1752284343477}, "87": {"x": 737.8334537535022, "y": 381.79832564726314}, "88": {"x": 387.9202825743912, "y": 273.5106706479081}, "89": {"x": 538.9107300854557, "y": 496.2991755790533}, "90": {"x": 686.8529305377447, "y": 626.3789133912084}, "91": {"x": 616.8927238770193, "y": 748.9935790882001}, "92": {"x": 523.6927420644843, "y": 343.88650847190263}, "93": {"x": 504.0743702037945, "y": 610.2863782136013}, "94": {"x": 420.66776815688024, "y": 663.7002899801626}, "95": {"x": 511.54686225502917, "y": 571.143002745366}, "96": {"x": 617.7486779161419, "y": 708.8485628181247}, "97": {"x": 598.6975598219351, "y": 608.5658340810987}, "98": {"x": 644.9253923123727, "y": 290.06818602491757}, "99": {"x": 485.34386450472545, "y": 663.6800594313854}, "100": {"x": 366.91475544451737, "y": 589.8701604842825}, "101": {"x": 630.241517175901, "y": 690.7639788980234}, "102": {"x": 551.2634590437281, "y": 377.258173501009}, "103": {"x": 629.8426501648444, "y": 450.8101642142907}, "104": {"x": 320.83646348126024, "y": 614.8355124738227}, "105": {"x": 253.54931523887458, "y": 674.2283330044642}, "106": {"x": 346.39600508363014, "y": 446.42998189091554}, "107": {"x": 651.7468927254797, "y": 310.19767552235123}, "108": {"x": 582.2284962740132, "y": 433.05446552706496}, "109": {"x": 301.89864961347143, "y": 425.92999865479493}, "110": {"x": 743.6335661355246, "y": 500.9889283665366}, "111": {"x": 379.20620011083355, "y": 486.8695069984027}, "112": {"x": 460.96754015146973, "y": 328.6179063762044}, "113": {"x": 352.8168421920704, "y": 438.40163368737126}, "114": {"x": 484.1342884444666, "y": 493.3575477718953}, "115": {"x": 472.88977212706124, "y": 727.1242225594376}, "116": {"x": 662.5218306222531, "y": 336.8558433595031}, "117": {"x": 346.0101017163605, "y": 263.31569996636125}, "118": {"x": 278.0435613791665, "y": 569.5456473921199}, "119": {"x": 290.37897463794206, "y": 605.8018829544465}, "120": {"x": 674.2941787247063, "y": 376.2770473552738}, "121": {"x": 516.7695969151914, "y": 599.9750538776277}, "122": {"x": 323.23639817144357, "y": 619.2580246635642}, "123": {"x": 426.6539099677325, "y": 443.64147300735567}, "124": {"x": 345.2131458003839, "y": 388.0792963764542}, "125": {"x": 332.3392362492398, "y": 299.0531697186333}, "126": {"x": 527.8632628816044, "y": 460.88741997686043}, "127": {"x": 695.0271931258394, "y": 432.4413028334795}, "128": {"x": 413.49904325430157, "y": 467.5444872319475}, "129": {"x": 435.0354915183025, "y": 543.8206068733998}, "130": {"x": 275.4469056397092, "y": 673.6300963076051}, "131": {"x": 732.532648231622, "y": 256.84984752257384}, "132": {"x": 301.28748016185864, "y": 418.4732048197868}, "133": {"x": 697.1753729478146, "y": 353.02551608052295}, "134": {"x": 574.1573124814438, "y": 336.4561993626062}, "135": {"x": 405.35312006255674, "y": 676.0058220558576}, "136": {"x": 746.2504177280803, "y": 349.8353448434556}, "137": {"x": 497.9158615946642, "y": 361.2624667168009}, "138": {"x": 258.5643695109059, "y": 436.651568870347}, "139": {"x": 376.3453474840766, "y": 346.4115003172362}, "140": {"x": 487.67758811927854, "y": 386.0102422499691},