{"0": {"x": 404.82023940599333, "y": 470.3296527572203}, "1": {"x": 262.76374762940145, "y": 618.5922465307293}, "2": {"x": 257.0181944702699, "y": 367.28542460367214}, "3": {"x": 561.7089839845127, "y": 341.9903001279715}, "4": {"x": 562.1180147741893, "y": 346.4469353617205}, "5": {"x": 602.5709846797853, "y": 253.85402406720843}, "6": {"x": 667.1744696486708, "y": 293.92865878558797}, "7": {"x": 510.83184712658084, "y": 264.5805637802936}, "8": {"x": 630.4108614859736, "y": 296.68634352134984}, "9": {"x": 579.4917974651233, "y": 448.2713163533167}, "10": {"x": 729.5621146523786, "y": 463.115698109141}, "11": {"x": 451.30865307858244, "y": 676.5874409027695}, "12": {"x": 470.4302056437293, "y": 325.38717424195073}, "13": {"x": 681.4273832549563, "y": 366.4220773923205}, "14": {"x": 506.03901606472175, "y": 509.2906785443821}, "15": {"x": 331.5004845656597, "y": 279.4325701568692}, "16": {"x": 524.5967971747586, "y": 420.98780604096316}, "17": {"x": 536.3431559708113, "y": 381.97572529231155}, "18": {"x": 580.9475262871972, "y": 593.2296710922014}, "19": {"x": 641.4812712329235, "y": 714.4861523973225}, "20": {"x": 300.7105320551666, "y": 343.5760364932788}, "21": {"x": 698.1837271972772, "y": 496.9479336729097}, "22": {"x": 427.24315223533, "y": 366.35382183122636}, "23": {"x": 479.65856784728834, "y": 550.7276579586287}, "24": {"x": 337.520109889017, "y": 616.8692082015148}, "25": {"x": 318.39914381515973, "y": 711.2928693193162}, "26": {"x": 615.11839969763, "y": 655.4302644023342}, "27": {"x": 327.3400080267845, "y": 451.9628719202999}, "28": {"x": 280.58884185736974, "y": 571.098227139538}, "29": {"x": 379.4548710369377, "y": 510.38895775641953}, "30": {"x": 635.717348262152, "y": 739.754828189727}, "31": {"x": 675.6672446844602, "y": 660.3142739298485}, "32": {"x": 694.8909235530937, "y": 323.2957091793429}, "33": {"x": 625.9479312335245, "y": 629.8410748820689}, "34": {"x": 437.61028192238575, "y": 318.9207703729434}, "35": {"x": 366.2128697688828, "y": 333.86181278992456}, "36": {"x": 591.4088220854849, "y": 689.2183025696982}, "37": {"x": 296.2299615170659, "y": 702.7829028808874}, "38": {"x": 610.6070734276395, "y": 469.06839168415837}, "39": {"x": 567.4543744376215, "y": 347.8582592549873}, "40": {"x": 332.3256474385368, "y": 393.38688642950444}, "41": {"x": 277.188340530902, "y": 745.852838858873}, "42": {"x": 708.6141511292697, "y": 259.1835213975287}, "43": {"x": 493.425372378685, "y": 329.2465786443155}, "44": {"x": 728.4445759832554, "y": 686.1543532804952}, "45": {"x": 413.0871907374613, "y": 420.8231513610608}, "46": {"x": 348.66682465485405, "y": 672.2019120461048}, "47": {"x": 519.5078587846963, "y": 648.669209281558}, "48": {"x": 734.7454889002894, "y": 276.4308008576751}, "49": {"x": 692.1303316324218, "y": 495.23153575797164}, "50": {"x": 329.0993023090266, "y": 422.7200794933701}, "51": {"x": 266.62048906332853, "y": 479.10304584689925}, "52": {"x": 560.0463722930742, "y": 323.50759938425983}, "53": {"x": 251.7736503178483, "y": 561.6095842946911}, "54": {"x": 297.821891838677, "y": 405.9801938088175}, "55": {"x": 439.32903818217227, "y": 580.8138309030057}, "56": {"x": 727.078890893484, "y": 312.014221438208}, "57": {"x": 415.8283037186455, "y": 730.1646047056224}, "58": {"x": 395.7446531063532, "y": 263.0882358277431}, "59": {"x": 673.9923936027853, "y": 709.6579722324598}, "60": {"x": 313.95883507563167, "y": 450.10789011103554}, "61": {"x": 350.007563300464, "y": 331.9739164784089}, "62": {"x": 505.3040216320071, "y": 712.8442660379508}, "63": {"x": 515.7262620142135, "y": 503.30169820026043}, "64": {"x": 570.0222454509661, "y": 361.3334377330725}, "65": {"x": 330.420640297569, "y": 478.8249612325402}, "66": {"x": 427.74402155262544, "y": 605.1633757156774}, "67": {"x": 468.0337626073428, "y": 333.63380867451804}, "68": {"x": 409.88443400613005, "y": 487.91190462132}, "69": {"x": 574.7201160484406, "y": 349.0815130935961}, "70": {"x": 282.5926007611678, "y": 395.70950660510675}, "71": {"x": 749.919300402015, "y": 349.1977839082301}, "72": {"x": 281.0127496078474, "y": 442.3452181543281}, "73": {"x": 552.0698778721292, "y": 264.03666574996765}, "74": {"x": 746.6331221570771, "y": 721.9586562794409}, "75": {"x": 477.25367396942454, "y": 637.9993663763526}, "76": {"x": 555.4728454278707, "y": 616.1324960497615}, "77": {"x": 701.035914047633, "y": 416.68474094159865}, "78": {"x": 663.744444098, "y": 575.4757910171496}, "79": {"x": 621.9175671346802, "y": 436.45904090917037}, "80": {"x": 515.9021624783888, "y": 302.5759365450175}, "81": {"x": 646.0054735426897, "y": 705.3651889221818}, "82": {"x": 409.1497514737128, "y": 616.9096117129619}, "83": {"x": 596.0432611615481, "y": 723.3993927262441}, "84": {"x": 642.9724835017611, "y": 535.8669901277328}, "85": {"x": 515.8149876804607, "y": 677.1769240986064}, "86": {"x": 604.2368469343014, "y": 537.3333901680214}, "87": {"x": 620.1583043104873, "y": 498.2464617132522}, "88": {"x": 749.1767722024292, "y": 656.0021027595617}, "89": {"x": 271.8683994310449, "y": 398.674842839426}, "90": {"x": 284.6809630542333, "y": 367.3897480567505}, "91": {"x": 458.99794149594356, "y": 683.6073525957057}, "92": {"x": 419.1197516194155, "y": 441.94025462001116}, "93": {"x": 412.63850844355795, "y": 265.78693332085027}, "94": {"x": 697.3370642980306, "y": 459.8791282015392}, "95": {"x": 603.0117982869639, "y": 315.6121427205725}, "96": {"x": 652.5232533875356, "y": 300.10886512109687}, "97": {"x": 604.1875365983904, "y": 404.22290365182323}, "98": {"x": 390.6511846669744, "y": 272.3277732833358}, "99": {"x": 319.6491399707566, "y": 664.9903729406801}, "100": {"x": 731.9185721681425, "y": 538.9316885716282}, "101": {"x": 436.8227806254145, "y": 720.3004428125189}, "102": {"x": 655.3140512365337, "y": 337.7873753913619}, "103": {"x": 698.9398498651276, "y": 439.4299905826746}, "104": {"x": 441.8075392762055, "y": 435.08796687286133}, "105": {"x": 296.503650498791, "y": 584.175589190333}, "106": {"x": 267.82904020725, "y": 682.9095259373255}, "107": {"x": 707.4806706635519, "y": 560.3529161808297}, "108": {"x": 465.4376197144509, "y": 456.50196387274826}, "109": {"x": 453.33690532798727, "y": 642.5582833739697}, "110": {"x": 377.9850586833746, "y": 555.6588720005439}, "111": {"x": 620.7174914023828, "y": 638.9366393174448}, "112": {"x": 470.86736996736545, "y": 331.35699939653006}, "113": {"x": 631.9430226419895, "y": 583.4631509823114}, "114": {"x": 490.250296893411, "y": 407.3523843980548}, "115": {"x": 488.4163845075757, "y": 716.8558736075859}, "116": {"x": 554.3399163913809, "y": 637.7351554363121}, "117": {"x": 290.8090141940174, "y": 524.5214850287654}, "118": {"x": 268.94578787854556, "y": 255.43880555976295}, "119": {"x": 253.30941720849736, "y": 343.0202345911065}, "120": {"x": 532.1581928662976, "y": 321.06607382385175}, "121": {"x": 611.799487880138, "y": 296.2494493510324}, "122": {"x": 608.8014456004914, "y": 395.347786962155}, "123": {"x": 292.87966956647676, "y": 270.9002976625077}, "124": {"x": 636.3738675973032, "y": 378.9147374967857}, "125": {"x": 611.8280443271653, "y": 301.76217762563704}, "126": {"x": 386.7035389476539, "y": 459.83963696489815}, "127": {"x": 433.43189285874956, "y": 712.3202858056186}, "128": {"x": 376.82131352847153, "y": 663.306316588215}, "129": {"x": 701.7709698026893, "y": 615.2830577059733}, "130": {"x": 334.097010087937, "y": 665.0874720949796}, "131": {"x": 301.80016005878133, "y": 675.3761764539088}, "132": {"x": 541.7392145217486, "y": 284.1664295150291}, "133": {"x": 558.673684287196, "y": 447.07691523647406}, "134": {"x": 636.8758966107025, "y": 263.9257582503303}, "135": {"x": 520.4586058801548, "y": 274.8852340519394}, "136": {"x": 747.1706707028528, "y": 702.317845852634}, "137": {"x": 687.8821479568219, "y": 253.0702617095707}, "138": {"x": 537.4775455687629, "y": 421.5625363018096}, "139": {"x": 352.7326234579024, "y": 742.1368450329206}, "140": {"x": 387.2122666277682, "y": 357.68048862786736}, "141": {"x": 697.3417125565063,