{"0": {"x": 525.791079111769, "y": 349.6472327279298}, "1": {"x": 727.5190388423796, "y": 320.77480353525914}, "2": {"x": 271.76505622489447, "y": 437.6157638230534}, "3": {"x": 540.8752315872384, "y": 593.4114172831928}, "4": {"x": 648.2996330694464, "y": 470.10769113950255}, "5": {"x": 365.2083816247025, "y": 701.1805931854726}, "6": {"x": 678.8049330132767, "y": 712.9156753293339}, "7": {"x": 546.8740852502028, "y": 674.617598734119}, "8": {"x": 513.8948727506436, "y": 702.0192198932255}, "9": {"x": 488.2996893455834, "y": 489.6036629910901}, "10": {"x": 710.9574373176042, "y": 273.10856371586317}, "11": {"x": 726.7048480623057, "y": 491.52047470759726}, "12": {"x": 690.3184455175581, "y": 355.0064328161049}, "13": {"x": 660.575331464167, "y": 387.9487160086662}, "14": {"x": 588.4181791514955, "y": 313.9355296210816}, "15": {"x": 440.34904808635736, "y": 385.7392073662025}, "16": {"x": 404.76950480232665, "y": 668.4220752198753}, "17": {"x": 614.195459354055, "y": 703.9248984664839}, "18": {"x": 516.9819444810639, "y": 384.2221017095178}, "19": {"x": 659.9669902088453, "y": 571.8113651617593}, "20": {"x": 268.3649411922347, "y": 657.8929626378074}, "21": {"x": 614.0929921047054, "y": 427.41801240624244}, "22": {"x": 649.8350842473944, "y": 690.6601543056798}, "23": {"x": 703.07652372712, "y": 602.4736873334435}, "24": {"x": 588.2194046015773, "y": 509.07661430282565}, "25": {"x": 303.0288758901812, "y": 534.1769248882711}, "26": {"x": 270.23273570800524, "y": 569.2301201366809}, "27": {"x": 705.4815628457557, "y": 642.7254855545384}, "28": {"x": 695.4207369357725, "y": 356.6193777435182}, "29": {"x": 387.7593305023348, "y": 365.908838208303}, "30": {"x": 645.9092887662614, "y": 452.8699769582689}, "31": {"x": 493.33227507592136, "y": 609.5125720717392}, "32": {"x": 450.7216549802555, "y": 589.682738739632}, "33": {"x": 607.1942412586122, "y": 337.7914887307448}, "34": {"x": 563.5437940398676, "y": 550.1432812215983}, "35": {"x": 397.31270311957877, "y": 450.9632176483349}, "36": {"x": 399.2851323584004, "y": 532.4163598720692}, "37": {"x": 506.8228872169141, "y": 732.5444002126685}, "38": {"x": 372.9931249674476, "y": 297.43949123539386}, "39": {"x": 688.9494066257166, "y": 540.9937133185344}, "40": {"x": 435.85894558548154, "y": 353.6684848295674}, "41": {"x": 677.1002716454435, "y": 336.6388813746417}, "42": {"x": 335.9316281165923, "y": 472.8023965829142}, "43": {"x": 380.4170695366448, "y": 335.7391684292709}, "44": {"x": 478.7340160106459, "y": 639.5497364587991}, "45": {"x": 647.001243531618, "y": 677.6062671356601}, "46": {"x": 507.4441650225386, "y": 566.4747928227903}, "47": {"x": 537.3040398514431, "y": 573.0186624359828}, "48": {"x": 304.70555532810624, "y": 495.19833294777345}, "49": {"x": 392.87829179223434, "y": 522.9847076531765}, "50": {"x": 656.081833354626, "y": 728.2346018202306}, "51": {"x": 394.32991896956867, "y": 451.86757567089455}, "52": {"x": 366.61154189467885, "y": 621.3690557680992}, "53": {"x": 578.20592715672, "y": 708.8265421818362}, "54": {"x": 580.2415714811275, "y": 614.9270119671203}, "55": {"x": 502.46809793059856, "y": 623.4842227749384}, "56": {"x": 551.0392449491986, "y": 482.14783420152514}, "57": {"x": 275.3939786651175, "y": 401.37699487151025}, "58": {"x": 568.24073592598, "y": 355.5830063085422}, "59": {"x": 650.0427945516587, "y": 384.9581688086376}, "60": {"x": 461.6052110611895, "y": 590.6122437528882}, "61": {"x": 368.039201474661, "y": 660.0674457288287}, "62": {"x": 629.9858649379776, "y": 391.8139715772701}, "63": {"x": 740.8402222588606, "y": 724.6775645990116}, "64": {"x": 331.59347389656335, "y": 567.8892545172516}, "65": {"x": 490.56498563560075, "y": 322.5860861765544}, "66": {"x": 523.4385750177671, "y": 544.236192248753}, "67": {"x": 512.0759322828471, "y": 335.21480475522606}, "68": {"x": 603.422544191694, "y": 308.59310486549236}, "69": {"x": 305.6974890431086, "y": 634.9625673667065}, "70": {"x": 560.0975219797338, "y": 725.5466405367016}, "71": {"x": 708.6037034852347, "y": 510.90089232006113}, "72": {"x": 674.0704904803838, "y": 540.6385717886219}, "73": {"x": 474.6225859646796, "y": 262.60447721963857}, "74": {"x": 685.556339497411, "y": 626.2078627851818}, "75": {"x": 254.2468053746164, "y": 570.5274365301174}, "76": {"x": 435.21899917253734, "y": 269.08356975951074}, "77": {"x": 738.187421903116, "y": 484.1721820156269}, "78": {"x": 544.3825465470493, "y": 446.3134488162759}, "79": {"x": 616.016403294286, "y": 542.6653547017929}, "80": {"x": 555.0040374477999, "y": 592.1716622432169}, "81": {"x": 475.1668925175028, "y": 706.6620309537823}, "82": {"x": 348.00523481970964, "y": 540.442713775627}, "83": {"x": 421.7850900909391, "y": 505.08365707187045}, "84": {"x": 640.1005211379229, "y": 369.5866774123006}, "85": {"x": 392.399814268491, "y": 532.2928484582815}, "86": {"x": 614.8339157507776, "y": 693.1731523717126}, "87": {"x": 447.47642361943946, "y": 487.36344347523004}, "88": {"x": 319.3192578900838, "y": 360.17938423200155}, "89": {"x": 664.9730371687333, "y": 613.7442190356821}, "90": {"x": 509.0542105650236, "y": 558.7126956023909}, "91": {"x": 448.3857147148324, "y": 277.26482897700845}, "92": {"x": 321.7363473147226, "y": 632.5398985532555}, "93": {"x": 690.9293720346789, "y": 616.44815386797}, "94": {"x": 407.20894590535033, "y": 694.6725074116107}, "95": {"x": 446.6332108775626, "y": 592.9632926253239}, "96": {"x": 592.8579463242208, "y": 333.8897854263417}, "97": {"x": 504.0706682056164, "y": 460.919906888456}, "98": {"x": 407.3684517973062, "y": 366.36176656097314}, "99": {"x": 514.1706626878081, "y": 407.24150828838333}, "100": {"x": 462.00095098595193, "y": 408.58381402395116}, "101": {"x": 578.9644669210187, "y": 600.661448060177}, "102": {"x": 746.7265259995318, "y": 671.9080944588812}, "103": {"x": 390.9639348444359, "y": 702.1546429511423}, "104": {"x": 714.2338242984029, "y": 437.3150001011533}, "105": {"x": 299.6155935313134, "y": 357.02445710206496}, "106": {"x": 390.96206730962115, "y": 635.253779491944}, "107": {"x": 717.3023450983974, "y": 538.1877163049955}, "108": {"x": 422.7370836618296, "y": 250.2700633842661}, "109": {"x": 581.0813975849201, "y": 538.7987983055357}, "110": {"x": 362.50791656646646, "y": 586.4774416605411}, "111": {"x": 344.1766646185016, "y": 648.0674240080381}, "112": {"x": 261.68780167809086, "y": 727.5832913445989}, "113": {"x": 550.4624059804274, "y": 717.8426666207437}, "114": {"x": 417.43911816754405, "y": 482.7356006018998}, "115": {"x": 351.90292115876355, "y": 600.3572141373215}, "116": {"x": 281.46432393233096, "y": 662.501781674253}, "117": {"x": 382.1313005616063, "y": 503.385160819553}, "118": {"x": 507.45110320761404, "y": 395.04388651877434}, "119": {"x": 549.5154536455841, "y": 727.0895061733406}, "120": {"x": 640.6925389897044, "y": 678.6186452820634}, "121": {"x": 338.6764645612395, "y": 430.2217535933314}, "122": {"x": 659.3946388954278, "y": 408.8431698867299}, "123": {"x": 517.5000562309506, "y": 556.1712338711093}, "124": {"x": 427.71434911408346, "y": 603.7629384470786}, "125": {"x": 714.4323727604249, "y": 560.6834259436226}, "126": {"x": 523.766993250563, "y": 519.1222068498337}, "127": {"x": 309.5601560651162, "y": 692.2681157304656}, "128": {"x": 678.0224788316026, "y": 354.4506268376627}, "129": {"x": 739.4965949728348, "y": 570.9768692515961}, "130": {"x": 564.8425695710323, "y": 285.54336740987287}, "131": {"x": 535.3099151500647, "y": 692.482944225776}, "132": {"x": 363.7863211056799, "y": 449.98919109727046}, "133": {"x": 408.30920539460965, "y": 371.7003741769549}, "134": {"x": 723.1597282933591, "y": 726.294339436783}, "135": {"x": 495.90776370455194, "y": 417.93522373938407}, "136": {"x": 676.2816847985678, "y": 354.8365275888947}, "137": {"x": 502.5065388831732, "y": 296.3127028213781}, "138": {"x": 357.62785497024754, "y": 393.4583256689312}, "139": {"x": 651.2562480945082, "y": 288.08622504286893}, "140": {"x": 427.9496045879179, "y": 729.1911425723871}, "141": {"x": 405.2775957123885,