{"0": {"x": 741.6798831445216, "y": 279.39345943345484}, "1": {"x": 596.2807690131287, "y": 686.2354817795933}, "2": {"x": 447.7997059651583, "y": 346.93994675091216}, "3": {"x": 486.91074252612975, "y": 716.7921199017818}, "4": {"x": 579.824983763813, "y": 306.9514314775853}, "5": {"x": 618.153607695175, "y": 440.4978537735369}, "6": {"x": 335.72541023368194, "y": 280.4603290164175}, "7": {"x": 431.03895534922543, "y": 296.3133182422023}, "8": {"x": 445.15089027879407, "y": 731.884827173739}, "9": {"x": 514.672117241979, "y": 592.0689034447494}, "10": {"x": 524.9497862599893, "y": 707.8593024105814}, "11": {"x": 307.22508393592557, "y": 432.1302102064084}, "12": {"x": 617.3058747224597, "y": 583.0467500041331}, "13": {"x": 592.5715200794642, "y": 276.20226528587557}, "14": {"x": 570.6261265030694, "y": 511.16269693546815}, "15": {"x": 513.148560479855, "y": 298.71586644589445}, "16": {"x": 470.6799691669721, "y": 503.1668167893873}, "17": {"x": 292.1003437794036, "y": 652.5980474690086}, "18": {"x": 632.3605873059123, "y": 571.1861876863461}, "19": {"x": 397.2613294796748, "y": 669.1497219316527}, "20": {"x": 685.0885196605755, "y": 319.9106377692611}, "21": {"x": 388.1876451333288, "y": 685.5687330915903}, "22": {"x": 300.9370572955146, "y": 428.66190685960316}, "23": {"x": 386.968502428089, "y": 674.156424298973}, "24": {"x": 681.2435273017973, "y": 654.7960227087976}, "25": {"x": 347.58125064594805, "y": 279.51555988719434}, "26": {"x": 627.5066505939508, "y": 641.7229651715764}, "27": {"x": 575.301607745182, "y": 400.4588588204028}, "28": {"x": 521.3764851036868, "y": 522.525018721401}, "29": {"x": 441.4436555875028, "y": 341.00550563612313}, "30": {"x": 445.98904233765666, "y": 527.189167617338}, "31": {"x": 322.9179916164781, "y": 473.6943266494837}, "32": {"x": 599.1821757522189, "y": 702.5850559813543}, "33": {"x": 352.2137917321891, "y": 577.8471972131301}, "34": {"x": 538.9477425758702, "y": 279.9807398690877}, "35": {"x": 701.8710482758422, "y": 499.78235448124065}, "36": {"x": 252.42765497610625, "y": 250.87648331329206}, "37": {"x": 262.2117031836342, "y": 731.6704741015845}, "38": {"x": 281.9193851063883, "y": 585.4345289276357}, "39": {"x": 550.9420586110657, "y": 534.4063774187669}, "40": {"x": 634.4432370357206, "y": 679.2295625970859}, "41": {"x": 289.8674485315314, "y": 429.10375384259305}, "42": {"x": 412.0053676476198, "y": 376.33885088176146}, "43": {"x": 453.457033255854, "y": 571.1107615329254}, "44": {"x": 668.0580794574236, "y": 648.4752437417405}, "45": {"x": 320.4498516891963, "y": 370.1743614291365}, "46": {"x": 284.2572261588448, "y": 640.4543878040513}, "47": {"x": 265.13791920488836, "y": 489.7439479788632}, "48": {"x": 589.2907209402238, "y": 468.96018019431364}, "49": {"x": 700.7323081930241, "y": 290.1132954049632}, "50": {"x": 696.8286198528316, "y": 395.85615079944944}, "51": {"x": 447.4341385955855, "y": 592.7465428589801}, "52": {"x": 569.4095305523474, "y": 419.59750987424115}, "53": {"x": 250.59646056094854, "y": 581.4421681724361}, "54": {"x": 265.32273378618356, "y": 592.4048667203915}, "55": {"x": 513.0197277137149, "y": 650.3590685244965}, "56": {"x": 508.39557356963206, "y": 396.5262622640421}, "57": {"x": 735.8850201519972, "y": 275.55093606963334}, "58": {"x": 354.98028834229035, "y": 426.6970479773955}, "59": {"x": 252.90404170548942, "y": 526.1226957438992}, "60": {"x": 629.9988906961582, "y": 739.405526672399}, "61": {"x": 342.6394558606996, "y": 553.5882313170018}, "62": {"x": 253.42811551787335, "y": 653.796727767071}, "63": {"x": 369.1547112316344, "y": 498.86759660439225}, "64": {"x": 582.1480306840824, "y": 253.34681257975123}, "65": {"x": 278.27594304680156, "y": 694.0142082767338}, "66": {"x": 413.7964106844091, "y": 669.6960071991457}, "67": {"x": 564.4994952326093, "y": 341.5732853618458}, "68": {"x": 378.84231603878703, "y": 650.3282792616199}, "69": {"x": 459.8320926161646, "y": 438.63022114087005}, "70": {"x": 278.0491340972395, "y": 258.40152992537963}, "71": {"x": 446.9918323764336, "y": 726.5633921682481}, "72": {"x": 517.532690851268, "y": 425.4918394776855}, "73": {"x": 263.8092333159994, "y": 375.3233048651765}, "74": {"x": 505.21658453798324, "y": 387.5727157385254}, "75": {"x": 500.4799505012038, "y": 448.74799502784356}, "76": {"x": 511.22808094234546, "y": 637.6321935688011}, "77": {"x": 727.510686207467, "y": 308.7096835555688}, "78": {"x": 722.6293490991247, "y": 548.8008361057034}, "79": {"x": 317.92532301086294, "y": 578.8318190796113}, "80": {"x": 537.6264948097082, "y": 732.9775006416692}, "81": {"x": 378.969653466992, "y": 551.7128366825186}, "82": {"x": 456.8376916657627, "y": 595.1930643360306}, "83": {"x": 570.4099286363587, "y": 637.4272322926274}, "84": {"x": 371.228883849568, "y": 615.1280729169507}, "85": {"x": 586.2310761067599, "y": 630.579424735727}, "86": {"x": 668.5921605526478, "y": 425.5516957524481}, "87": {"x": 429.40875166041354, "y": 642.0934232736658}, "88": {"x": 382.45341197765765, "y": 683.2437251434579}, "89": {"x": 441.14733132212507, "y": 700.8923744459903}, "90": {"x": 557.4649750578333, "y": 565.2138672710757}, "91": {"x": 312.9003448920131, "y": 502.6984070296413}, "92": {"x": 629.6500474726527, "y": 684.1137705291917}, "93": {"x": 742.5604175320941, "y": 583.4522674744733}, "94": {"x": 276.47432189888303, "y": 700.852716080547}, "95": {"x": 714.5667903312719, "y": 514.9813053332839}, "96": {"x": 596.3102987084367, "y": 514.0206386064028}, "97": {"x": 595.0441702802229, "y": 733.900702886664}, "98": {"x": 474.7645672673095, "y": 288.18181859090913}, "99": {"x": 708.1053598339752, "y": 423.44680558749405}, "100": {"x": 650.5942266969699, "y": 279.39211206033104}, "101": {"x": 603.2024895705734, "y": 610.6755386163047}, "102": {"x": 501.42090398242465, "y": 394.78135180289524}, "103": {"x": 512.3802443219831, "y": 670.7362708416126}, "104": {"x": 445.1685744496035, "y": 324.0039010054921}, "105": {"x": 625.5682444343029, "y": 426.4820147587436}, "106": {"x": 299.08145020499114, "y": 617.7708602391389}, "107": {"x": 453.3444708049394, "y": 565.6497286598694}, "108": {"x": 653.2303779431943, "y": 302.733320040611}, "109": {"x": 359.02222310217076, "y": 612.5050999411858}, "110": {"x": 580.9130268818841, "y": 538.9464975356914}, "111": {"x": 538.156220362519, "y": 274.3992301744373}, "112": {"x": 442.77660894237, "y": 473.69125469503786}, "113": {"x": 537.5517548256048, "y": 521.4453454533441}, "114": {"x": 726.0007607143825, "y": 449.92564638531263}, "115": {"x": 683.6061880268219, "y": 700.0721763800891}, "116": {"x": 364.5643892753685, "y": 687.5890051387239}, "117": {"x": 545.5751974929949, "y": 604.5373694520614}, "118": {"x": 311.3272641278971, "y": 286.074975745453}, "119": {"x": 325.1055252668511, "y": 339.14180870995165}, "120": {"x": 730.3827240896474, "y": 719.7791186804866}, "121": {"x": 441.7235828760256, "y": 732.1886490134234}, "122": {"x": 737.2271895973313, "y": 696.5786981479688}, "123": {"x": 718.5858003229465, "y": 418.0917867905348}, "124": {"x": 625.3595388252768, "y": 392.1265175109215}, "125": {"x": 407.8610903036234, "y": 445.8346598744089}, "126": {"x": 531.5411595307969, "y": 600.6091443391404}, "127": {"x": 733.0779785499179, "y": 490.2795685418299}, "128": {"x": 600.2813981513291, "y": 628.668099047962}, "129": {"x": 605.6347057589165, "y": 456.6213712134486}, "130": {"x": 312.07911125648985, "y": 735.8184068090445}, "131": {"x": 447.23565119181285, "y": 626.0731619904096}, "132": {"x": 493.6368851117611, "y": 318.1774670606702}, "133": {"x": 670.3264293987222, "y": 385.15700871136585}, "134": {"x": 575.5233630953553, "y": 683.479823023205}, "135": {"x": 657.3363045905721, "y": 600.767034799316}, "136": {"x": 417.49124298481513, "y": 383.7943051301005}, "137": {"x": 741.7461453907514, "y": 387.43787060269665}, "138": {"x": 275.6881308328828, "y": 505.83022017855717}, "139": {"x": 686.0945172135068, "y": 722.7783960428624}, "140": {"x": 664.2120422521925, "y": 509.0813891315167}, "141": {"x": 435.5041552631987,