{"0": {"x": 667.8922756915649, "y": 302.77573066825425}, "1": {"x": 575.9958212775475, "y": 639.0468318114565}, "2": {"x": 608.1589183662996, "y": 582.5037720182834}, "3": {"x": 465.1723252936839, "y": 566.2066422026564}, "4": {"x": 257.32321837535903, "y": 629.3661773857893}, "5": {"x": 451.6458577311572, "y": 473.10630931184687}, "6": {"x": 479.0462292704258, "y": 452.5087959571812}, "7": {"x": 554.0080745179989, "y": 484.6815958041328}, "8": {"x": 446.35058967710705, "y": 368.37809779754673}, "9": {"x": 497.9371560977391, "y": 703.576158785137}, "10": {"x": 560.2117954928058, "y": 331.9553133309481}, "11": {"x": 583.0377059588911, "y": 649.871564785376}, "12": {"x": 559.5669862699078, "y": 397.36161554942055}, "13": {"x": 710.727291775172, "y": 261.3701563923857}, "14": {"x": 739.3275026153752, "y": 705.8432968736341}, "15": {"x": 501.6467342107933, "y": 565.6652256196455}, "16": {"x": 500.70461155258516, "y": 395.65201264021}, "17": {"x": 411.06329229286564, "y": 619.1223977612708}, "18": {"x": 295.57454779329333, "y": 473.73574617814427}, "19": {"x": 561.928624660844, "y": 559.7936282897452}, "20": {"x": 581.6667564591954, "y": 347.9578657342491}, "21": {"x": 593.0531502561997, "y": 718.2737385917543}, "22": {"x": 594.8962379459492, "y": 658.3693448053973}, "23": {"x": 465.9297195023828, "y": 688.916410866432}, "24": {"x": 439.14860969417555, "y": 733.8732426380546}, "25": {"x": 650.8512615202603, "y": 677.5726893500855}, "26": {"x": 434.482039084945, "y": 286.2795920251575}, "27": {"x": 600.954098935787, "y": 667.4738111649958}, "28": {"x": 504.99755880822045, "y": 493.2222832891814}, "29": {"x": 558.4330435732159, "y": 662.2200786573869}, "30": {"x": 475.12518300312905, "y": 491.9060902515083}, "31": {"x": 506.9620542420465, "y": 495.05528411152386}, "32": {"x": 478.53497639737395, "y": 549.7621511612017}, "33": {"x": 251.07812014924696, "y": 713.396818322009}, "34": {"x": 566.5616580095154, "y": 493.76270054597404}, "35": {"x": 465.09758669268604, "y": 461.35617880187306}, "36": {"x": 578.5084212832508, "y": 450.1482376276499}, "37": {"x": 746.9189467270174, "y": 697.3925984313555}, "38": {"x": 622.6534931857168, "y": 274.1711959315902}, "39": {"x": 396.16079459126115, "y": 745.5466611289698}, "40": {"x": 305.19221374654444, "y": 515.2464012263056}, "41": {"x": 603.7660865562204, "y": 585.633335967259}, "42": {"x": 533.5530259005485, "y": 678.1167264877272}, "43": {"x": 560.9568444007264, "y": 434.55086700300143}, "44": {"x": 380.63130365923786, "y": 747.3848147564311}, "45": {"x": 668.3607574451344, "y": 299.1812452532457}, "46": {"x": 451.4583432809119, "y": 522.5126094413536}, "47": {"x": 253.35226930190086, "y": 520.9781515641901}, "48": {"x": 716.5107501678813, "y": 444.577374127343}, "49": {"x": 395.12076360498907, "y": 268.9238948984597}, "50": {"x": 356.4690216153579, "y": 681.2514664392759}, "51": {"x": 615.6335692254991, "y": 414.6152562004007}, "52": {"x": 686.8833328093681, "y": 717.893327085206}, "53": {"x": 515.5346602974597, "y": 550.9861579385063}, "54": {"x": 251.21205274174585, "y": 553.0412940868366}, "55": {"x": 425.299875910311, "y": 576.8407608379425}, "56": {"x": 426.6119819997533, "y": 556.916408078955}, "57": {"x": 344.00239045438616, "y": 573.0041011734827}, "58": {"x": 716.2583707868519, "y": 400.875747775391}, "59": {"x": 746.1829660188228, "y": 487.4602360526621}, "60": {"x": 615.2160810852847, "y": 606.6100539291208}, "61": {"x": 328.9873024334985, "y": 390.9787712486143}, "62": {"x": 512.9712824710886, "y": 382.56467326431334}, "63": {"x": 294.43927593719394, "y": 447.53389566509975}, "64": {"x": 457.53093750544565, "y": 591.3978451269356}, "65": {"x": 688.7453528152364, "y": 562.3692155936164}, "66": {"x": 515.2629437889586, "y": 311.75084091907667}, "67": {"x": 708.0739624099267, "y": 706.3598893535002}, "68": {"x": 643.4403026600583, "y": 367.790343684547}, "69": {"x": 687.7440373528489, "y": 672.3877509337219}, "70": {"x": 403.1256307219146, "y": 656.8665431534295}, "71": {"x": 265.8754364422994, "y": 586.0846588380954}, "72": {"x": 633.7115218803235, "y": 403.72537536062276}, "73": {"x": 403.8872634762722, "y": 487.5097504494784}, "74": {"x": 431.5276364454113, "y": 265.33566196735205}, "75": {"x": 384.59835658901153, "y": 391.78068875226427}, "76": {"x": 667.3079532508252, "y": 313.238699079163}, "77": {"x": 625.2695445748461, "y": 554.247655028692}, "78": {"x": 278.4520068261392, "y": 279.47794556324067}, "79": {"x": 623.0953777874408, "y": 631.7860411906327}, "80": {"x": 257.7449336191344, "y": 314.0913594889742}, "81": {"x": 507.92603861234926, "y": 399.5106306927832}, "82": {"x": 274.50940640146194, "y": 705.1343159623984}, "83": {"x": 684.8088209119994, "y": 450.312757213932}, "84": {"x": 591.2359891520796, "y": 444.40353755448905}, "85": {"x": 321.3670447355695, "y": 686.966861067205}, "86": {"x": 316.1927084695543, "y": 281.1236732065807}, "87": {"x": 325.29317104695514, "y": 580.3127890763917}, "88": {"x": 351.741767004754, "y": 654.3444964132649}, "89": {"x": 714.2298999087459, "y": 583.4840143331423}, "90": {"x": 284.2447273996106, "y": 524.1197512629396}, "91": {"x": 634.1248187126615, "y": 526.5182705923786}, "92": {"x": 408.99522974140734, "y": 379.46360982152254}, "93": {"x": 540.4707944738, "y": 449.54531738720976}, "94": {"x": 733.2944033884046, "y": 454.0451274303175}, "95": {"x": 659.9793605428509, "y": 460.2581566454611}, "96": {"x": 465.93621607133093, "y": 501.50527379454223}, "97": {"x": 372.1369614608435, "y": 571.5016105384776}, "98": {"x": 640.5979364600976, "y": 606.8904061861526}, "99": {"x": 700.2482017108423, "y": 487.2642526008473}, "100": {"x": 549.747821279822, "y": 419.5245379483856}, "101": {"x": 637.5342691202429, "y": 304.5664818525256}, "102": {"x": 633.7213570945216, "y": 453.68833351220906}, "103": {"x": 357.2366266154138, "y": 316.52451170766085}, "104": {"x": 376.55649564796727, "y": 505.80158330309257}, "105": {"x": 461.1307486690522, "y": 506.872932956055}, "106": {"x": 338.5787754500103, "y": 310.7651995270993}, "107": {"x": 379.0193780845274, "y": 448.1775715631487}, "108": {"x": 343.02848075331883, "y": 546.844111028761}, "109": {"x": 738.8012080825707, "y": 677.8430223090256}, "110": {"x": 626.7295674066809, "y": 594.0252256781663}, "111": {"x": 488.9210233642891, "y": 600.8357204104465}, "112": {"x": 414.09499228195693, "y": 432.4012642975486}, "113": {"x": 409.85321524529644, "y": 626.8524953424258}, "114": {"x": 480.81799690761693, "y": 293.67328604608167}, "115": {"x": 489.6822798677222, "y": 433.82434186558777}, "116": {"x": 738.7693792266834, "y": 521.7100201337521}, "117": {"x": 353.329787082154, "y": 487.141471464847}, "118": {"x": 652.1942660701221, "y": 348.340458398377}, "119": {"x": 379.8636358973215, "y": 723.1878699629215}, "120": {"x": 655.7579192945946, "y": 674.2593589240507}, "121": {"x": 331.752967527497, "y": 662.4065426606679}, "122": {"x": 292.9570784757732, "y": 283.5293613107092}, "123": {"x": 329.19554951331673, "y": 579.9224342453144}, "124": {"x": 541.351781616596, "y": 271.63091663933244}, "125": {"x": 544.104777087416, "y": 415.6642667739163}, "126": {"x": 616.0427491608901, "y": 501.2801783730265}, "127": {"x": 686.5036893983767, "y": 719.5325170399408}, "128": {"x": 685.3932881018541, "y": 433.7768097420226}, "129": {"x": 403.53718878582083, "y": 405.83827610637866}, "130": {"x": 330.98711991440933, "y": 318.6669978699621}, "131": {"x": 571.3111128268499, "y": 624.6832912751302}, "132": {"x": 454.0519552760604, "y": 528.7135754907812}, "133": {"x": 340.60474400181465, "y": 694.5977244065796}, "134": {"x": 617.0915721180954, "y": 606.4892225561143}, "135": {"x": 304.47015364838643, "y": 345.92929805081036}, "136": {"x": 381.6147757521737, "y": 625.8742495063827}, "137": {"x": 299.0372414579045, "y": 286.63328605236364}, "138": {"x": 686.8873104048657, "y": 515.3243244118089}, "139": {"x": 360.0730271730636, "y": 728.3320844349234}, "140": {"x": 513.9971860322664, "y": 373.2049559917408}, "141": {"x": 300.3485835521672,