{"0": {"x": 580.1895253836412, "y": 578.0786395477536}, "1": {"x": 690.0667080739283, "y": 294.4150769324271}, "2": {"x": 503.84629263937927, "y": 631.5936466577643}, "3": {"x": 394.03827616522364, "y": 674.4197459990347}, "4": {"x": 690.4995434976502, "y": 299.4619822305235}, "5": {"x": 576.7696239201998, "y": 350.2271509064964}, "6": {"x": 367.388798175012, "y": 318.1980284245626}, "7": {"x": 564.8643605121935, "y": 654.0295289157558}, "8": {"x": 347.3647399943155, "y": 336.5595058698584}, "9": {"x": 528.2930163274218, "y": 361.2346485213562}, "10": {"x": 662.5462631535604, "y": 551.6911831566224}, "11": {"x": 654.212620631203, "y": 506.92266596010967}, "12": {"x": 595.7228360138399, "y": 557.8986358752279}, "13": {"x": 495.0706844158166, "y": 340.63228363637387}, "14": {"x": 568.6767828034009, "y": 584.6632296455275}, "15": {"x": 446.0801932168348, "y": 308.4634351064467}, "16": {"x": 528.0483233938302, "y": 729.4668348435343}, "17": {"x": 544.6497945487611, "y": 377.1441099458233}, "18": {"x": 602.1046850859833, "y": 485.69287484915674}, "19": {"x": 641.8482399063438, "y": 269.1734120019912}, "20": {"x": 499.2105262186885, "y": 671.6175221738686}, "21": {"x": 704.7116706880997, "y": 315.62357116851297}, "22": {"x": 564.6121428077721, "y": 430.4144860132633}, "23": {"x": 365.62808763195835, "y": 358.55785103712697}, "24": {"x": 315.82177037676, "y": 365.43075137982987}, "25": {"x": 582.7103035343353, "y": 301.61678331308985}, "26": {"x": 419.57858292033404, "y": 492.9874773724963}, "27": {"x": 493.49151406334533, "y": 439.334428493822}, "28": {"x": 258.5662965968776, "y": 434.06017254479605}, "29": {"x": 641.3782982475454, "y": 570.6413383050135}, "30": {"x": 372.9218475377907, "y": 659.5432288245204}, "31": {"x": 304.7335606285429, "y": 597.3799490242175}, "32": {"x": 479.4670454173787, "y": 642.9305575233032}, "33": {"x": 304.15057052185506, "y": 576.876656197674}, "34": {"x": 319.7492905629526, "y": 373.56726274183393}, "35": {"x": 600.6323766175847, "y": 471.0468984263214}, "36": {"x": 563.6919835384276, "y": 556.2718866621994}, "37": {"x": 567.9040055677328, "y": 462.2936045025542}, "38": {"x": 692.0298165036982, "y": 420.8038826230247}, "39": {"x": 356.79032218671034, "y": 425.05193848443383}, "40": {"x": 553.9938026025673, "y": 475.87417973112133}, "41": {"x": 355.337851329902, "y": 308.28127175440375}, "42": {"x": 417.8516784081099, "y": 463.87467855510795}, "43": {"x": 472.26477058729495, "y": 254.19191583272533}, "44": {"x": 473.783790124859, "y": 349.66620928952335}, "45": {"x": 280.7490414943341, "y": 648.0907706214803}, "46": {"x": 406.12028582259893, "y": 334.56139282550055}, "47": {"x": 574.8312474412355, "y": 698.8446472896759}, "48": {"x": 521.1361088141568, "y": 551.1204604361401}, "49": {"x": 357.6891619445342, "y": 585.0843695447404}, "50": {"x": 623.59265280625, "y": 386.44990895559806}, "51": {"x": 646.4959480774405, "y": 279.740080244311}, "52": {"x": 721.7457193573366, "y": 661.3654744371279}, "53": {"x": 284.85337563447155, "y": 507.29913946767635}, "54": {"x": 250.3891163052993, "y": 618.2718407308378}, "55": {"x": 342.29227667264445, "y": 507.40716473906934}, "56": {"x": 637.3942439583407, "y": 560.2996761043778}, "57": {"x": 505.8419942760239, "y": 555.494669517718}, "58": {"x": 690.8878136082233, "y": 623.2426256262294}, "59": {"x": 364.5633856774263, "y": 705.2151384093977}, "60": {"x": 295.4814133295097, "y": 261.124545726574}, "61": {"x": 689.0460360625798, "y": 524.882314585152}, "62": {"x": 457.12385158593986, "y": 615.0733674555523}, "63": {"x": 255.7205309206107, "y": 512.091348220469}, "64": {"x": 409.7045489141335, "y": 709.4292293857213}, "65": {"x": 350.2711772652322, "y": 664.9928680279195}, "66": {"x": 404.38555372441914, "y": 574.5230336263601}, "67": {"x": 536.8732935475448, "y": 454.4174202334083}, "68": {"x": 501.0503315071021, "y": 565.7759769139668}, "69": {"x": 480.0929418295795, "y": 302.1673116151917}, "70": {"x": 546.3137377639562, "y": 616.6667860673949}, "71": {"x": 440.71024668715916, "y": 294.03790960613895}, "72": {"x": 510.2393403912763, "y": 735.0543699580994}, "73": {"x": 326.5469370492254, "y": 651.1991410073869}, "74": {"x": 525.6565982387175, "y": 255.70095862305786}, "75": {"x": 430.00449525460505, "y": 278.2254005229996}, "76": {"x": 524.9644660521006, "y": 616.8591211574658}, "77": {"x": 579.4036157709443, "y": 393.6386931863253}, "78": {"x": 571.9684978346093, "y": 316.5031283340685}, "79": {"x": 317.6488605476724, "y": 321.2317284161037}, "80": {"x": 297.25059811430356, "y": 729.9167566629751}, "81": {"x": 508.84078945943133, "y": 638.7290548931219}, "82": {"x": 434.8094438598108, "y": 463.01283075501004}, "83": {"x": 650.3299778829189, "y": 626.254905489791}, "84": {"x": 338.02946332497464, "y": 509.3050472990965}, "85": {"x": 687.4869429812096, "y": 360.4119330867023}, "86": {"x": 680.2653675598223, "y": 698.1807154513895}, "87": {"x": 262.4619627040465, "y": 303.2651540968804}, "88": {"x": 524.3896454739654, "y": 555.026792246603}, "89": {"x": 380.6716536273169, "y": 490.3168610448511}, "90": {"x": 606.7906052215935, "y": 486.30416936256097}, "91": {"x": 497.73343939173054, "y": 495.91606104043046}, "92": {"x": 748.0654759390151, "y": 716.4697462883004}, "93": {"x": 664.0872962636304, "y": 299.5610808138563}, "94": {"x": 556.725908396074, "y": 261.04141178051685}, "95": {"x": 624.8831664993054, "y": 523.0982745389822}, "96": {"x": 338.4474848761736, "y": 632.1813321856966}, "97": {"x": 696.421689646617, "y": 541.6379208946446}, "98": {"x": 513.8789683646701, "y": 450.0348656170214}, "99": {"x": 696.1023881241297, "y": 363.5327333234597}, "100": {"x": 511.52167988088075, "y": 567.1927237137587}, "101": {"x": 291.77444685346376, "y": 665.3035346667741}, "102": {"x": 469.7075141481796, "y": 518.0298102081395}, "103": {"x": 321.13570557201865, "y": 516.7033099081383}, "104": {"x": 319.89489932889427, "y": 364.0347705763208}, "105": {"x": 596.589638362066, "y": 726.6562404999426}, "106": {"x": 322.9153493155303, "y": 575.0734421742038}, "107": {"x": 740.3232495357611, "y": 288.2778831716641}, "108": {"x": 435.7909556003435, "y": 692.0152465854417}, "109": {"x": 499.0807110966332, "y": 658.9836020748476}, "110": {"x": 473.00903364463545, "y": 336.8842683550032}, "111": {"x": 532.5684948854615, "y": 559.8153208356532}, "112": {"x": 555.2397701853488, "y": 665.2819194482546}, "113": {"x": 317.8816760288676, "y": 537.0216088031907}, "114": {"x": 302.407454338134, "y": 371.56579546614967}, "115": {"x": 616.5476965078558, "y": 724.8528065501922}, "116": {"x": 364.79795326000453, "y": 390.6310251855581}, "117": {"x": 252.59442781650694, "y": 631.1435657021193}, "118": {"x": 730.598161454785, "y": 451.6839305200699}, "119": {"x": 677.7903791581048, "y": 623.6145914487906}, "120": {"x": 495.56125831844105, "y": 421.988073341425}, "121": {"x": 334.5043082059681, "y": 570.7879872404473}, "122": {"x": 370.85562055389494, "y": 509.3241866249805}, "123": {"x": 324.86079237833906, "y": 487.91089708362176}, "124": {"x": 727.8714218463783, "y": 564.4310610389634}, "125": {"x": 648.7060181597285, "y": 507.9312504695968}, "126": {"x": 690.0958824738791, "y": 736.0284670823239}, "127": {"x": 533.7939355322981, "y": 489.6915541331859}, "128": {"x": 730.1412340111999, "y": 486.1901877608775}, "129": {"x": 469.6844717296817, "y": 708.7776552290738}, "130": {"x": 694.6265087900433, "y": 544.3415174451347}, "131": {"x": 459.29356168702856, "y": 521.4923785798102}, "132": {"x": 303.4540059048852, "y": 666.3427700125783}, "133": {"x": 464.43961250595106, "y": 280.68121976507774}, "134": {"x": 537.8741212311588, "y": 481.7349908525923}, "135": {"x": 270.6959749956126, "y": 459.6840116164161}, "136": {"x": 596.1590150862592, "y": 266.0231646492619}, "137": {"x": 339.64123038387504, "y": 396.33127661520393}, "138": {"x": 611.0863163563773, "y": 507.3258076067912}, "139": {"x": 560.3624422138975, "y": 618.6119725744667}, "140": {"x": 502.53416419673687, "y": 413.53776546189124}, "141": {"x": 704.8904827889121,