{"0":{"x":445.9838377355504,"y":236.21005207495068},"1":{"x":477.65586653117606,"y":242.33059739039757},"2":{"x":478.9206200584291,"y":230.55112302912},"3":{"x":462.67351745017277,"y":219.0052608083186},"4":{"x":464.11469498720663,"y":239.76286729239814},"5":{"x":451.41973393692484,"y":264.60511264122266},"6":{"x":457.96149158651934,"y":220.1589968181902},"7":{"x":464.99438000684245,"y":249.98437902091123},"8":{"x":467.91433849189895,"y":228.67359282106145},"9":{"x":464.96796622294784,"y":255.93160447124413},"10":{"x":456.79197281221167,"y":247.8719233483161},"11":{"x":454.3560039432542,"y":207.40820524351764},"12":{"x":439.25985169535636,"y":227.11680983602},"13":{"x":439.3589860661501,"y":208.9728482603679},"14":{"x":426.41240931535236,"y":213.84282290723945},"15":{"x":458.1091125719403,"y":243.4057880894198},"16":{"x":417.4525948494733,"y":232.9104469778941},"17":{"x":430.1659056273829,"y":248.47062460979265},"18":{"x":416.4205212164659,"y":259.0997207765133},"19":{"x":432.35658058609124,"y":255.87788630717188},"20":{"x":425.76738867806057,"y":256.79912197536316},"21":{"x":425.5969498824481,"y":220.1712500670401},"22":{"x":446.7113942388728,"y":258.7974354478523},"23":{"x":554.635415253165,"y":233.66682075557654},"24":{"x":531.0428202857305,"y":253.31048945587364},"25":{"x":552.1677475291481,"y":255.26724753928661},"26":{"x":559.8327740438922,"y":245.67899807813583},"27":{"x":528.8846622320485,"y":234.59327292393976},"28":{"x":582.3338633792812,"y":232.3178371539265},"29":{"x":522.8126832214455,"y":153.89709485694942},"30":{"x":493.88857871765225,"y":176.3171831248671},"31":{"x":550.5736509491973,"y":144.08512373675765},"32":{"x":536.1741661001572,"y":131.08243486717012},"33":{"x":573.3754911226811,"y":138.06211965879086},"34":{"x":506.45709486321243,"y":239.870462537402},"35":{"x":489.9003679189381,"y":250.45151507732766},"36":{"x":504.3437294213283,"y":255.85364713757892},"37":{"x":492.06529029238976,"y":218.85942086027293},"38":{"x":522.5448667982744,"y":252.50483629598355},"39":{"x":513.6457081952921,"y":269.2673274326434},"40":{"x":485.42559421387097,"y":242.33196676152406},"41":{"x":432.7600111691168,"y":263.14096408742284},"42":{"x":454.06396442589266,"y":288.67554014256643},"43":{"x":472.8483229774333,"y":214.1207961742996},"44":{"x":454.31302024677257,"y":231.36939833972878},"45":{"x":485.3730368377759,"y":222.62269474257783},"46":{"x":487.3447471131768,"y":233.55803690540796},"47":{"x":456.42521232027565,"y":193.71883917352193},"48":{"x":468.76520406530824,"y":308.6377688907452},"49":{"x":470.6173793816981,"y":274.19290934166816},"50":{"x":514.6594593225041,"y":234.3090406819614},"51":{"x":501.66689269888144,"y":270.485214633577},"52":{"x":472.6697968642039,"y":261.9366932495615},"53":{"x":480.8552615027396,"y":270.59368275737756},"54":{"x":511.61305098850005,"y":251.15318585751476},"55":{"x":482.8603946292096,"y":264.6959744620452},"56":{"x":510.4334169307417,"y":225.72526599375334},"57":{"x":489.6616762987352,"y":274.2392109760262},"58":{"x":400.28155211694803,"y":282.69917949556884},"59":{"x":424.23014827079777,"y":282.9914825681611},"60":{"x":461.51215080165747,"y":213.40370860649395},"61":{"x":471.769134408369,"y":294.9279675904735},"62":{"x":554.4054629250656,"y":273.33217225378036},"63":{"x":559.8872414664165,"y":264.84444872201476},"64":{"x":484.33203355016195,"y":216.90412913150453},"65":{"x":497.01884124781003,"y":274.6012399122607},"66":{"x":492.9185454275097,"y":261.61304660029964},"67":{"x":461.70525224394464,"y":266.9596573139402},"68":{"x":413.68018810390777,"y":385.9786926678437},"69":{"x":502.12317377379793,"y":286.9482045434772},"70":{"x":322.3068639855835,"y":241.84313947296775},"71":{"x":495.7821064758533,"y":143.66927686648376},"72":{"x":481.39968045103967,"y":146.5773623703788},"73":{"x":489.69202422821957,"y":121.60636016726183},"74":{"x":473.538833534885,"y":126.88834672618144},"75":{"x":518.0111323651506,"y":264.8352081907875},"76":{"x":474.80784712889846,"y":189.01312587513877},"77":{"x":529.9710710144961,"y":193.78201459400242},"78":{"x":498.69062113927293,"y":202.50852405538376},"79":{"x":517.2291214843681,"y":178.49588398999356},"80":{"x":497.43241794803623,"y":128.25770385525152},"81":{"x":502.00427042641127,"y":150.87940325173952},"82":{"x":530.6762976810597,"y":277.49640130954356},"83":{"x":502.22179508316947,"y":193.58677056379466},"84":{"x":519.2378982495012,"y":284.17047403100526},"85":{"x":522.9269708220456,"y":186.92309484632722},"86":{"x":505.4592100201472,"y":298.4793431617762},"87":{"x":341.4717587411463,"y":324.4818676541651},"88":{"x":355.9705819104113,"y":345.05035278993273},"89":{"x":356.48956402652004,"y":320.2742904097499},"90":{"x":365.0534184370622,"y":333.6809393137382},"91":{"x":342.070101438757,"y":339.7370250646145},"92":{"x":341.93413988294475,"y":303.6342079315446},"93":{"x":341.9982896981767,"y":171.0723871522018},"94":{"x":397.8019130332705,"y":111.02619090250217},"95":{"x":454.50159198071583,"y":398.2960057435051},"96":{"x":421.5342600925212,"y":189.14575025872887},"97":{"x":409.5894142593662,"y":201.0621288644768},"98":{"x":329.0776084479337,"y":205.07557288968124},"99":{"x":364.1419293247753,"y":140.10565635096958}}
