{"0":{"x":456.00232242094654,"y":287.11806204012976},"1":{"x":481.4684940595662,"y":276.4996467488486},"2":{"x":472.25099763466,"y":297.5821315869853},"3":{"x":453.370775134399,"y":261.2266903032248},"4":{"x":462.60492753996874,"y":263.96026728139867},"5":{"x":473.89261794192447,"y":275.97506004711755},"6":{"x":456.4625779164891,"y":258.8906006090872},"7":{"x":457.1375492157342,"y":269.6624670050345},"8":{"x":447.58172116424515,"y":282.9999355072276},"9":{"x":468.3189372255254,"y":262.19159576781806},"10":{"x":483.7443437808629,"y":263.9013127041277},"11":{"x":471.1820265579724,"y":253.0361532943549},"12":{"x":482.17221771632705,"y":268.0591238890197},"13":{"x":458.0831032717668,"y":250.8879932245894},"14":{"x":448.15756050051357,"y":268.98323696784297},"15":{"x":459.72268317646456,"y":243.46015752213583},"16":{"x":444.03503699983366,"y":257.6881021290217},"17":{"x":466.92505489556675,"y":272.16269269962106},"18":{"x":461.22914028859054,"y":282.60021644614005},"19":{"x":442.8191524124855,"y":248.4339348599597},"20":{"x":445.28728096838114,"y":293.66512625704917},"21":{"x":460.3400722469051,"y":296.9554966497366},"22":{"x":525.684513586134,"y":248.38056392040255},"23":{"x":496.7072751798387,"y":266.3265100585613},"24":{"x":497.1499424734008,"y":245.76470572008822},"25":{"x":520.5680877281973,"y":229.5869601496464},"26":{"x":512.2327313181416,"y":258.5385551671467},"27":{"x":523.4106063992117,"y":276.43305738167436},"28":{"x":504.6699993483951,"y":239.30128193863408},"29":{"x":535.1810071116266,"y":227.90230329371576},"30":{"x":503.1828653745393,"y":223.4407446298033},"31":{"x":493.96910742826935,"y":286.591807957037},"32":{"x":461.2912050947288,"y":272.99337287760204},"33":{"x":471.9920788575914,"y":283.38448145228836},"34":{"x":514.7054625505143,"y":266.8788732421556},"35":{"x":481.5206693492999,"y":245.33360606090758},"36":{"x":470.5510584374628,"y":289.9961119623277},"37":{"x":452.9920248580426,"y":244.91001251086487},"38":{"x":521.5068619306873,"y":284.4425198482738},"39":{"x":470.96178124765214,"y":235.9453234870821},"40":{"x":467.7810677253472,"y":198.8302824765548},"41":{"x":464.93091321170994,"y":226.87345576713264},"42":{"x":492.21951160386186,"y":218.72672834158695},"43":{"x":449.63698252418925,"y":220.92333983207976},"44":{"x":526.6264143364899,"y":324.62396998225023},"45":{"x":498.60800457292896,"y":296.3248373023967},"46":{"x":519.8704168427803,"y":314.40411708698673},"47":{"x":502.71773712436834,"y":326.7361813330385},"48":{"x":513.6069989240427,"y":333.46417783996543},"49":{"x":467.54433103548166,"y":248.4393223865552},"50":{"x":434.2689846756002,"y":281.40109821862643},"51":{"x":441.72776780346743,"y":278.16577661667276},"52":{"x":423.3689109225058,"y":234.69930063054463},"53":{"x":455.9948569835422,"y":238.61920211402864},"54":{"x":439.54020642348524,"y":224.18821293154306},"55":{"x":466.6018383683531,"y":236.1585161894339},"56":{"x":472.42073846656524,"y":266.11965171998713},"57":{"x":512.7152697732771,"y":246.8466127942187},"58":{"x":504.87557470478333,"y":228.59027135827634},"59":{"x":462.73503223469106,"y":217.7078825301379},"60":{"x":501.1299929647555,"y":252.8587042314175},"61":{"x":451.96975992311104,"y":225.5266250163761},"62":{"x":449.86770708691887,"y":252.74936123348317},"63":{"x":451.76076368960867,"y":265.99433379303514},"64":{"x":485.4143746593636,"y":258.95190802072045},"65":{"x":456.4927386413043,"y":281.585045185679},"66":{"x":481.367926644776,"y":227.95989858942812},"67":{"x":470.28515320366705,"y":212.80538706454718},"68":{"x":490.74887895441776,"y":232.79790147353424},"69":{"x":487.8198702632836,"y":219.32257926599218},"70":{"x":521.2307438049131,"y":290.69515201050535},"71":{"x":502.11797423835316,"y":281.0706834331204},"72":{"x":528.9856278830856,"y":310.2871855491379},"73":{"x":497.67156977514605,"y":237.2830202982866},"74":{"x":485.3110538153992,"y":242.75854887425058},"75":{"x":446.14524268808026,"y":242.52917824479397},"76":{"x":446.9450912861728,"y":234.46418407803725},"77":{"x":435.65257996871,"y":247.1932911244361},"78":{"x":516.80394669595,"y":224.46264844197742},"79":{"x":455.4634278742311,"y":298.4038742417208},"80":{"x":440.1654819157807,"y":290.2471343892491},"81":{"x":435.61053960934765,"y":266.27311567427324},"82":{"x":438.0088139982337,"y":236.50153221074896},"83":{"x":433.6308099576698,"y":300.5536181270653},"84":{"x":434.237744815768,"y":274.3943990188593},"85":{"x":448.3241704062273,"y":303.7753295811802},"86":{"x":409.79902737555557,"y":293.7104735852868},"87":{"x":489.7076557990507,"y":291.6223811919624},"88":{"x":456.2751598889579,"y":191.1825469781486},"89":{"x":451.5995569527295,"y":202.29482638311998},"90":{"x":549.106675121531,"y":268.07403057051636},"91":{"x":479.23338810890374,"y":193.68621888827707},"92":{"x":485.62859936351543,"y":298.9014877534644},"93":{"x":475.70662711367027,"y":318.28992431518935},"94":{"x":513.770532439414,"y":323.2387706900396},"95":{"x":425.32743321418735,"y":266.5254143964366},"96":{"x":422.01960929706,"y":244.54414327976818},"97":{"x":425.40882831377957,"y":279.8763058050016},"98":{"x":483.68457298459424,"y":215.35507873595813},"99":{"x":514.1603527362678,"y":203.77381941936633}}
