{"0":{"x":489.23475607948785,"y":296.64478113554276},"1":{"x":462.6759748672387,"y":292.96736999302783},"2":{"x":475.0548894973101,"y":290.20352024079114},"3":{"x":477.42767017111044,"y":268.2051356978577},"4":{"x":497.009434040801,"y":268.11356547480216},"5":{"x":474.1780871678722,"y":295.59556074796666},"6":{"x":462.24901689241653,"y":303.5988402599031},"7":{"x":494.34816921973436,"y":281.01104539899995},"8":{"x":479.093753793806,"y":284.7388918814406},"9":{"x":479.43073603574226,"y":295.4602506774922},"10":{"x":470.75650783523145,"y":281.6280849610151},"11":{"x":476.0529455589279,"y":314.0918304923115},"12":{"x":511.8695968514421,"y":321.9337272534105},"13":{"x":461.0202481917363,"y":286.65439507130117},"14":{"x":464.4534382782191,"y":282.43760054420744},"15":{"x":483.0743414292084,"y":307.13550634107827},"16":{"x":476.3159278121172,"y":302.7208827513719},"17":{"x":485.91488450278587,"y":278.27602952255944},"18":{"x":500.10490782694734,"y":283.9623926778117},"19":{"x":483.4852412757084,"y":274.6710778425917},"20":{"x":468.95817804966157,"y":278.1788421409974},"21":{"x":461.45294097797284,"y":307.86851218851723},"22":{"x":496.31625637652047,"y":323.25923757953063},"23":{"x":493.59319057073526,"y":307.82509038322405},"24":{"x":455.6238065563138,"y":292.163061929987},"25":{"x":502.3938302251843,"y":299.18978325085544},"26":{"x":453.9133573379345,"y":300.2969313944101},"27":{"x":481.51669999334507,"y":327.1422937481198},"28":{"x":503.76890976613765,"y":310.52425298423617},"29":{"x":495.31102396091194,"y":316.41776259488495},"30":{"x":513.319930966721,"y":317.1247449559476},"31":{"x":523.4599786560899,"y":315.61451478165435},"32":{"x":437.2154490579415,"y":264.39889730285904},"33":{"x":462.4343315275041,"y":318.62162659403106},"34":{"x":422.75757451010253,"y":253.73101344638243},"35":{"x":428.5975327141504,"y":246.23648213819848},"36":{"x":442.3524352209043,"y":247.13827380526496},"37":{"x":437.87854482039927,"y":233.4802705048289},"38":{"x":418.5421423838738,"y":229.1996625963968},"39":{"x":413.6790709741504,"y":234.8691432711298},"40":{"x":405.7560876579407,"y":240.02172616032829},"41":{"x":431.2721892661507,"y":274.619078812912},"42":{"x":585.0439252947887,"y":343.0944698703287},"43":{"x":550.6699119569814,"y":326.90903598829067},"44":{"x":703.4180177616105,"y":225.7387136203149},"45":{"x":698.3856580474439,"y":205.19290402631373},"46":{"x":437.2467290145485,"y":315.2127409268062},"47":{"x":503.8408394082329,"y":262.64154545057653},"48":{"x":473.02775518019376,"y":252.319974184694},"49":{"x":498.30386361391083,"y":292.9370457784619},"50":{"x":457.7560282527304,"y":297.1686401814213},"51":{"x":516.9345247284139,"y":282.15082202609284},"52":{"x":443.4091058715549,"y":304.2215620860165},"53":{"x":451.0172933633907,"y":295.87628411927784},"54":{"x":457.82407265284945,"y":271.0946651061022},"55":{"x":437.2818494608753,"y":279.61975658163857},"56":{"x":484.80539153529804,"y":289.49798699887214},"57":{"x":463.9260595543982,"y":299.3629500352156},"58":{"x":452.0558507543182,"y":332.9221845536059},"59":{"x":528.6979893375888,"y":229.15152594242184},"60":{"x":467.2421390402685,"y":291.33228837643765},"61":{"x":438.0167000097447,"y":396.4178004528129},"62":{"x":457.0779840466703,"y":359.8678468120996},"63":{"x":454.9386197467494,"y":400.53677501479},"64":{"x":417.216888900079,"y":346.5205056353337},"65":{"x":454.955666052118,"y":319.7061918591125},"66":{"x":410.28708899237654,"y":227.07735958425113},"67":{"x":415.6368299736482,"y":217.01527691630253},"68":{"x":480.3950080600544,"y":213.48406872367374},"69":{"x":474.17599263683604,"y":264.0004576978221},"70":{"x":475.2082507811043,"y":257.18341325414616},"71":{"x":493.31503030080404,"y":271.33362966678504},"72":{"x":496.502758562713,"y":276.55311965322994},"73":{"x":445.8098855639111,"y":272.63757856170827},"74":{"x":483.19192733372586,"y":264.0165851219142},"75":{"x":467.5669097163873,"y":270.0161138985885},"76":{"x":478.42974724814843,"y":280.3216035965541},"77":{"x":463.9889010169007,"y":262.2995773598252},"78":{"x":469.1859114353059,"y":298.18178002523393},"79":{"x":484.2528143105322,"y":253.83592492432416},"80":{"x":462.0116864701618,"y":271.13239087224025},"81":{"x":490.18933892212226,"y":262.20051171495936},"82":{"x":465.20042740367813,"y":242.4477464533598},"83":{"x":459.95702192875433,"y":281.1781729369399},"84":{"x":499.0683427441391,"y":272.2424103802315},"85":{"x":493.66638133287455,"y":300.5228243239494},"86":{"x":491.660210373945,"y":249.03602357240675},"87":{"x":465.0319677618463,"y":221.03996023387757},"88":{"x":469.28459114696227,"y":327.1004809085122},"89":{"x":454.0978108182477,"y":308.03907575767346},"90":{"x":471.53240325380585,"y":317.88514878067167},"91":{"x":484.92103782610195,"y":314.08374421059784},"92":{"x":479.0548897841253,"y":314.88230881646973},"93":{"x":449.0600321349692,"y":264.02567799580123},"94":{"x":460.1135262817885,"y":261.2172735877739},"95":{"x":462.39942745067975,"y":255.511748026125},"96":{"x":393.28743040176323,"y":268.3923264657354},"97":{"x":392.2409802587128,"y":277.1380450952584},"98":{"x":482.1955872167821,"y":302.4515643894686},"99":{"x":456.13828689575246,"y":276.88459537131587},"100":{"x":490.71937334362923,"y":244.95657787070996},"101":{"x":496.09246761297135,"y":258.55434800304346},"102":{"x":528.7946764078721,"y":237.8437962925456},"103":{"x":481.0060896756123,"y":270.7348643651096},"104":{"x":480.07909001094276,"y":288.4332375299514},"105":{"x":497.78867725921657,"y":250.52184283409647},"106":{"x":503.76606530401483,"y":253.03054052142008},"107":{"x":517.3736101548959,"y":253.0125625768904},"108":{"x":525.4224600112124,"y":265.56489163145335},"109":{"x":530.4877859304727,"y":281.0250130807516},"110":{"x":460.3078909916436,"y":311.6438632921904},"111":{"x":470.4817370894429,"y":342.6291773909133},"112":{"x":488.1966528472424,"y":326.82052481927826},"113":{"x":466.8905941196822,"y":311.0472098741621},"114":{"x":503.38664536785126,"y":314.576435267805},"115":{"x":488.86567513187026,"y":300.553986003436},"116":{"x":514.8264357011107,"y":309.1250167679811},"117":{"x":527.2367304954821,"y":309.80781205413706},"118":{"x":485.9119565107129,"y":334.74008633150174},"119":{"x":465.0207630658289,"y":338.3214009108928},"120":{"x":482.88090464422544,"y":340.2507208514744},"121":{"x":499.01291933629204,"y":332.6535365105679},"122":{"x":500.3064403112739,"y":339.8047594287194},"123":{"x":497.9319815555699,"y":345.58334239114015},"124":{"x":490.4969447980243,"y":282.8763020956445},"125":{"x":478.71089693960823,"y":256.86791537602255},"126":{"x":469.090829666338,"y":333.1937391958095},"127":{"x":429.9797393676411,"y":282.8473786675243},"128":{"x":464.72991165231554,"y":252.8670274433651},"129":{"x":465.18760754658433,"y":267.1734473802925},"130":{"x":485.7429472302516,"y":247.48771260354692},"131":{"x":421.0853614255557,"y":337.390042790837},"132":{"x":429.3765771376011,"y":352.948015065105},"133":{"x":439.9651104945659,"y":332.79065692115284},"134":{"x":516.2947211731289,"y":234.9560648862049},"135":{"x":449.53616394273376,"y":322.51403990701556},"136":{"x":476.9128164403124,"y":323.2414435808108},"137":{"x":439.74632359504335,"y":297.22237277316964},"138":{"x":516.18143128588,"y":270.56192997129665},"139":{"x":426.56085613354674,"y":366.43473105513215},"140":{"x":445.47817650621465,"y":352.5040383463583},"141":{"x":431.6285710553842,"y":344.06741114138526},"142":{"x":454.8923435097614,"y":350.0018220262218},"143":{"x":451.7334327829102,"y":273.7147283720792},"144":{"x":422.53308623967246,"y":217.78679946512628},"145":{"x":389.80383301487177,"y":223.55949496475563},"146":{"x":400.07073296503864,"y":209.61681727309653},"147":{"x":446.71380766416837,"y":281.38368214950293},"148":{"x":508.96289555276485,"y":290.919894723665},"149":{"x":521.1850804127812,"y":301.580516857288},"150":{"x":434.94016101630234,"y":208.62673753261282},"151":{"x":425.3082113380658,"y":206.3230433771043},"152":{"x":452.12594501659026,"y":250.96457856051705},"153":{"x":477.59428143266786,